cluster,smiles,id
0,O=C(Nc1ccccc1Cc1ccccc1)C1CCN(c2ncnc3sc4c(c23)CCCC4)CC1,Z57030687
0,O=C1C(=CNn2cnc3sc4c(c3c2=O)CCCC4)CCCC1=Cc1ccccc1,Z56823499
0,O=C(OCc1nc2sc3c(c2c(=O)[nH]1)CCCC3)c1cc(-c2ccc(Cl)cc2)nc2ccccc12,Z53786665
0,O=c1[nH]c(CN2CCN(C(c3ccc(F)cc3)c3ccc(F)cc3)CC2)nc2sc3c(c12)CCC3,Z105382408
0,O=c1[nH]c(-c2cc(-c3ccccc3)nc3ccccc23)nc2sc3c(c12)CCCC3,Z56760621
0,O=C(OCc1nc2sc3c(c2c(=O)[nH]1)CCCC3)c1cn(-c2ccccc2)nc1-c1ccccc1,Z53787257
0,O=C(c1ccc(F)cc1)c1ccc(Oc2ncnc3sc4c(c23)CCCC4)cc1,Z31253245
0,O=c1[nH]c(SCc2cc(F)cc3c2OC(c2ccccc2)OC3)nc2sc3c(c12)CCCC3,Z13684502
0,O=C(c1cc(F)ccc1F)N1CCN(Cc2nc3sc4c(c3c(=O)[nH]2)CCCC4)CC1,Z82238686
0,CC1CCc2c(sc3ncnc(Oc4ccc(C(=O)c5ccc(F)cc5)cc4)c23)C1,Z31253266
0,O=C(c1ccc(F)cc1)N1CCN(Cc2nc3sc4c(c3c(=O)[nH]2)CCCC4)CC1,Z26985512
0,O=C(c1ccc(C(F)(F)F)cc1)N1CCN(Cc2nc3sc4c(c3c(=O)[nH]2)CCCC4)CC1,Z26985536
0,O=C(c1ccccc1)c1ccc(Oc2nc(-c3ccc(Cl)cc3)nc3sc4c(c23)CCC4)cc1,Z31231044
0,O=C(CSc1ncnc2sc3c(c12)CCCC3)Nc1cc(-c2ccccc2)nn1-c1ccccc1,Z20226313
0,O=c1[nH]c(CN2CCN(S(=O)(=O)c3ccc4ccccc4c3)CC2)nc2sc3c(c12)CCCC3,Z44543298
1,O=C(C=Cc1cn(-c2ccccc2)nc1-c1ccc(Cl)cc1)Nc1nc(-c2ccc3c(c2)OCCO3)cs1,Z28672833
1,O=C(Nc1nc(-c2ccc3ccccc3c2)cs1)c1cc(-c2ccccc2)nn1-c1ccccc1,Z28636567
1,O=C1CCc2cc(-c3csc(NC(=O)c4ccc(-c5ccccc5F)o4)n3)ccc2N1,Z70961423
1,O=C(Nc1nc(-c2ccccc2Cl)cs1)C1Cc2ccccc2CN1C(=O)c1ccco1,Z27848894
1,O=C1CCc2cc(-c3csc(NC(=O)c4cc(C5CC5)nn4-c4ccccc4)n3)ccc2N1,Z70961310
1,O=C(Nc1nc(-c2cccc(C(F)(F)F)c2)cs1)C1CCN(C(=O)c2ccc(F)cc2)CC1,Z318114792
1,Cc1ccc2nc(-c3ccccc3)cc(C(=O)Nc3nc(-c4c[nH]c(C(N)=O)c4)cs3)c2c1,Z275848020
1,Cc1nn(-c2ccccc2)c2sc(C(=O)N=C3N=C4C=CC(Br)=CN4Cc4ccccc43)cc12,Z56688850
1,O=C(c1cc(-c2ccccc2)nn1-c1ccccc1)N1CC=C(c2c[nH]c3ncccc23)CC1,Z234513220
1,O=C(Nc1nc(-c2ccc3c(c2)CCCC3)cs1)[C@H](Cc1ccccc1)N1C(=O)c2ccccc2C1=O,Z56940928
1,O=C(Cn1c2ccccc2c(=O)c2ccccc21)Nc1nc(-c2ccc(F)cc2)cs1,Z223593680
1,Cc1nn(-c2ccccc2)c2sc(C(=O)N=C3N=C4C=CC(Cl)=CN4Cc4ccccc43)cc12,Z56689529
1,O=C(c1cc(-c2ccccc2)nn1-c1ccccc1)N1CCN(Cc2nc3ccsc3c(=O)[nH]2)CC1,Z217680302
1,O=C(Nc1nc(-c2cc(F)ccc2F)cs1)c1ccccc1Oc1ccccc1,Z29618044
1,O=C(c1ccccc1)C1CCN(C(=O)c2cc(-c3ccccc3)nn2-c2ccccc2)CC1,Z221509340
1,O=C(Nc1nc(-c2c[nH]c3ccccc23)cs1)C(Cc1ccccc1)N1C(=O)c2ccccc2C1=O,Z29651860
1,Cc1ccc2nc(-c3ccc(NC(=O)c4cc(-c5ccccc5)nn4-c4ccccc4)cc3)sc2c1,Z27663993
1,O=C(Cc1cccc(C(F)(F)F)c1)Nc1nc(-c2ccc3ccccc3c2)cs1,Z28636785
1,O=C(CN1CCC(C(=O)Nc2ccccc2O)CC1)Nc1cc(-c2ccccc2)nn1-c1ccccc1,Z126201374
1,O=C(Cc1ccc2c(c1)CCO2)Nc1nc(-c2ccc3c(c2)CCC(=O)N3)cs1,Z225348896
1,O=C(Cn1cnc2c(oc3ccccc32)c1=O)Nc1cc(-c2ccccc2)nn1-c1ccccc1,Z203722228
1,O=C(Nc1nc(-c2ccccc2)cs1)c1nn(-c2ccccc2)c(=O)c2ccccc12,Z27771859
1,O=C(c1cc(-c2ccccc2)nn1-c1ccccc1)N1CCN(Cc2nnc3n2CCCCC3)CC1,Z220348866
1,O=C(Cn1nc(-c2ccccc2)ccc1=O)Nc1nc2cc(Cl)ccc2n1CCCc1ccccc1,Z1067712688
1,O=C(Nc1ccc(-c2ccccc2)cc1Cl)c1ccc(=O)n(-c2ccc(F)cc2)n1,Z371206488
1,O=C1CCc2cc(-c3csc(-c4cccc(NC(=O)C5CC5)c4)n3)ccc2N1,Z118604738
1,O=C(CSc1ccc2c3c(cccc13)CC2)N(c1ccccc1)c1nc(-c2ccc(F)cc2)cs1,Z28753642
1,O=C(COC(=O)c1cc(-c2ccccc2)nn1-c1ccccc1)NC(c1ccccc1)c1ccccc1,Z15852380
1,O=C(Nc1cccc(-c2nc(-c3cc4c5c(c3)CC(=O)N5CCC4)cs2)c1)C1CC1,Z118604726
1,O=C(Nc1nc(-c2ccc(Cl)cc2)cs1)c1nn(-c2ccccc2)c(=O)c2ccccc12,Z29592356
1,O=C(COC(=O)c1cc(=O)[nH]c2ccccc12)Nc1cc(-c2ccccc2)nn1-c1ccccc1,Z166668440
1,O=c1oc2ccccc2cc1-c1nn(-c2ccccc2)cc1C=NNc1nc(-c2ccccc2)cs1,Z51691794
1,O=C1Cc2cc(-c3csc(NC(=O)c4cccc(Oc5ccccc5)c4)n3)ccc2N1,Z70926307
1,O=C1CCc2cc(-c3csc(NC(=O)C(c4ccccc4)c4ccccc4)n3)ccc2N1,Z70959245
1,N#Cc1ccc(CN2CCN(C(=O)c3cc(-c4ccccc4)nn3-c3ccccc3)CC2)cc1,Z28887309
1,O=C(CCc1c[nH]c2ccccc12)Nc1nc(-c2ccc3ccccc3c2)cs1,Z28636391
2,Cc1ccc(-c2cc(C(=O)N3CCC(C(=O)Nc4ccc5c(c4)OCO5)CC3)c3ccccc3n2)cc1,Z99494139
2,O=C(Nc1ccc2c(c1)OCO2)C1CCN(C(=O)c2cc(-c3ccc(F)cc3)nc3ccccc23)CC1,Z99494149
2,Cc1ccc2nc(-c3ccccc3)cc(C(=O)N3CCC(C(=O)Nc4ccc5c(c4)OCO5)CC3)c2c1,Z99494458
2,O=C(Nc1ccc2c(c1)OCO2)C1CCN(C(=O)c2ccc3noc(-c4ccccc4)c3c2)CC1,Z102605336
2,O=C(c1ccc2c(c1)OCCO2)C1CCN(C(=O)Cn2c3ccccc3c(=O)c3ccccc32)CC1,Z240416632
2,O=C(Nc1ccc2c(c1)OCO2)C1CCN(C(=O)c2cc(-c3ccco3)nc3ccccc23)CC1,Z99494141
2,O=C(c1ccc2c(c1)OCCO2)C1CCN(C(=O)c2ccc(-c3ccc(F)cc3)o2)CC1,Z230379226
2,O=C(Nc1ccc2c(c1)OCO2)C1CCN(C(=O)c2cc(-c3cccnc3)nc3ccccc23)CC1,Z102603950
2,O=C(Nc1ccc2c(c1)OCO2)C1CCN(C(=O)c2cn(-c3ccccc3)nc2-c2ccccc2)CC1,Z99494185
2,O=C(Nc1ccc2c(c1)OCO2)C1CCN(C(=O)c2ccc(-c3ccc(F)cc3)o2)CC1,Z117529304
2,O=C(c1cc(F)ccc1F)C1CCN(C(=O)c2ccc(-c3ccccc3)[nH]c2=O)CC1,Z653581792
2,Cc1ccc(-c2cc(C(=O)N3CCC(C(=O)Nc4ccc5c(c4)OCO5)CC3)c3ccccc3n2)o1,Z99494285
2,O=C(Nc1ccc2c(c1)OCO2)C1CCN(C(=O)C2CCN(C(=O)c3ccc(F)cc3)CC2)CC1,Z99494456
2,O=C(Nc1cccc(-c2ccc(=O)[nH]n2)c1)C1CCN(C(=O)Nc2ccccc2)CC1,Z952432854
2,O=C(Nc1ccc2c(c1)OCO2)C1CCN(C(=O)c2ccccc2-c2ncc(-c3ccccc3)o2)CC1,Z146227868
2,O=C(Nc1ccc2c(c1)OCO2)C1CCN(C(=O)c2cn(-c3ccccc3)nc2-c2cccnc2)CC1,Z99494184
2,O=C(Nc1ccc2c(c1)OCO2)C1CCN(C(=O)Cc2ccc3c(c2)CCC3)CC1,Z102604452
2,O=C(c1ccc2c(c1)OCCO2)C1CCN(C(=O)c2ccc(F)cc2F)CC1,Z230375494
2,O=C(OC(C(=O)Nc1ccccc1)c1ccccc1)C1CCN(C(=O)c2ccc(F)cc2F)CC1,Z193918230
2,O=C(NCc1ccc(NC(=O)C2CC2)cc1)C1CCN(C(=O)c2cccc3ccccc23)CC1,Z200083624
2,O=C(Nc1ccc(O)cc1)C1CCN(C(=O)c2cccc(Oc3cccc(C(F)(F)F)c3)c2)CC1,Z979305278
2,O=C(Nc1ccc2c(c1)OCO2)C1CCN(C(=O)c2nn(-c3ccccc3)c(=O)c3ccccc23)CC1,Z99494278
2,O=C(c1ccc2c(c1)OCCO2)C1CCN(C(=O)c2ccccc2-c2ccccc2)CC1,Z230366956
2,O=C(Nc1cccc(-c2nnc3n2CCCCC3)c1)C1CCN(C(=O)c2ccc(F)cc2)CC1,Z30413683
2,Cc1ccc(Oc2ccccc2NC(=O)C2CCN(C(=O)c3ccc(F)cc3F)CC2)cc1,Z82228211
2,Cc1cc(=O)c(C(=O)N2CCC(C(=O)Nc3ccc4c(c3)OCO4)CC2)nn1-c1ccccc1,Z117529466
2,O=C(Nc1ccc2c(c1)OCO2)C1CCN(C(C(=O)c2c[nH]c3ccccc23)c2ccccc2)CC1,Z132737130
2,O=C(Nc1ccc2c(c1)OCO2)C1CCN(C(C(=O)Nc2ccc(F)cc2)c2ccccc2)CC1,Z106740870
2,CC1Oc2ccc(NC(=O)C3CCN(C(=O)c4ccc(C(F)(F)F)cc4)CC3)cc2NC1=O,Z225572450
2,O=C(NC(C(=O)N1CCC(C(=O)Nc2ccc3c(c2)OCO3)CC1)c1ccccc1)c1ccccc1,Z195131346
2,O=C(Nc1ccc2c(c1)OCO2)C1CCN(C(=O)c2oc3ccccc3c2COc2ccccc2)CC1,Z99494452
2,O=C(NCc1ccccc1)C1CCN(C(=O)c2cc(F)ccc2-c2ccccc2)CC1,Z450487486
3,c1ccc(C(c2ccccc2)N2CCN(c3nc4ccccc4c4nc(-c5cccnc5)nn34)CC2)cc1,Z1157836627
3,O=C(c1ccccc1)c1ccc(Cl)cc1Nc1cc(-c2ccccc2)c2ccc(Cl)cc2n1,Z1386458621
3,O=C(c1ccccc1)c1ccc(Cl)cc1Nc1cc(-c2ccccc2)c2cc(Cl)ccc2n1,Z2196034878
3,O=C(CSc1nc(-c2ccccc2)c2ccccc2n1)n1c2ccccc2c2ccccc21,Z56815649
3,O=c1nc2sc(=Cc3ccc(-c4ccc(F)cc4)o3)c(=O)n2nc1-c1ccccc1,Z57391686
3,Clc1ccc2c(-c3ccccc3)cc(-c3c(Cl)nc4ccc(Br)cc4c3-c3ccccc3)nc2c1,Z2039275273
3,Cc1ccc(-c2cc(-c3c(O)nc4ccccc4c3-c3ccccc3)nc3ccccc23)cc1,Z1702969146
3,O=c1cc(CSc2nc3ccccc3c(=O)n2-c2ccc(Cl)cc2)c2c(ccc3ccccc32)o1,Z19307921
3,c1ccc(CC2CCN(c3nc4ccccc4c4nc(-c5cccnc5)nn34)CC2)cc1,Z1172116132
3,c1ccc(-c2noc3ncc(-c4nnc(-c5ccc6c(c5)OCCO6)o4)cc23)cc1,Z686015828
3,Clc1ccc(-c2nc(NN=Cc3ccc4ccccc4n3)nc3ccccc23)cc1,Z1187818773
3,O=C(Nc1ccccc1)c1ccccc1Nc1nc(-c2ccccc2)c2cc(Br)ccc2n1,Z2196034871
3,Clc1ccc(-c2nc(NN=Cc3cnc4ccccc4n3)nc3ccccc23)cc1,Z2379111101
3,O=C1CC(c2ccccc2)=NN1c1nc(-c2ccccc2)cc(-c2ccccc2)n1,Z1037335814
3,O=C(c1ccccc1)c1ccc(Oc2nnc(-c3ccc(F)cc3)c3ccccc23)cc1,Z31231079
3,c1ccc(-c2ccc(Oc3nc(-c4ccccc4)cc(-c4ccccc4)n3)cc2)cc1,Z1037335802
3,O=C1OC(c2ccccc2)=NC1=C1C=C(c2ccccc2)OC(c2ccccc2)=C1,Z56772622
3,O=C(Oc1ccc2c(=O)c(-c3cnn(-c4ccccc4)c3)coc2c1)c1ccc(-c2ccccc2)cc1,Z56718956
3,Cc1ccc(-c2nnc(Oc3ccc(Cc4ccccc4)cc3)c3ccccc23)cc1,Z56848039
3,Brc1ccccc1-c1nnc(-c2cc(-c3ccccc3)nc3ccccc23)o1,Z50149908
3,Cc1ccc(Cl)cc1N1CCN(c2nc3ccccc3c3nc(-c4cccnc4)nn23)CC1,Z1172116184
3,Cc1ccc(-c2nnc(-c3cc(-c4ccccc4)nc4ccccc34)o2)cc1,Z50150820
3,c1ccc2cc(Cc3nnc(C4(c5ccc6c(c5)OCO6)CCOCC4)o3)ccc2c1,Z1166113068
3,c1ccc(-c2ccc(-c3nnc(-c4cc(-c5cccs5)nc5ccccc45)o3)cc2)cc1,Z50152168
3,c1ccc(-c2nc(Oc3cccc4ccccc34)c3ccccc3n2)cc1,Z31213359
3,c1ccc(CN2CCN(c3nc4ccccc4c4nc(-c5cccnc5)nn34)CC2)cc1,Z1157795797
3,c1ccc(-c2nc3c4ccccc4nc(N4CCN(c5ccccn5)CC4)n3n2)cc1,Z1165302438
3,c1ccc(-c2nc(N3CCN(Cc4nnc5n4CCCCC5)CC3)c3ccccc3n2)cc1,Z220377652
3,O=c1oc2cc(Oc3nc(-c4ccncc4)nc4ccccc34)ccc2c2c1CCC2,Z239617786
3,CN(Cc1nc2ccccc2c(=O)[nH]1)C(=O)c1cn(Cc2ccccc2)c2ccccc12,Z145386756
3,O=C(C1CCCN(c2nc(-c3ccccc3)nc3ccccc23)C1)N1CCOCC1,Z229491152
3,O=C(N[C@@H](Cc1ccccc1)c1nc2ccccc2[nH]1)c1ccc(-c2cccc(C(F)(F)F)c2)o1,Z57992786
3,O=C1c2ccccc2C(=O)N1C(Cc1ccccc1)c1nc2c3ccccc3ncn2n1,Z2176371175
3,O=C(CSc1nnc(-c2ccc(F)cc2)c2ccccc12)Nc1ccccc1-c1ccccc1,Z16244033
3,O=C(OCc1csc(-c2ccccc2)n1)c1c2c(nc3ccccc13)C(=Cc1ccc(O)cc1)CC2,Z13935903
3,O=C(Cn1c(=O)n2nc(-c3cccc(F)c3)nc2c2ccccc21)c1ccc(Cl)cc1,Z1157725050
3,Fc1ccc(-c2nnc(Oc3cccc(Oc4ccccc4)c3)c3ccccc23)cc1,Z31227799
3,O=c1[nH]c2ccccc2c2nc(COc3ccccc3-c3ccccc3)nn12,Z220066748
3,Cc1ccc2c(-c3ccccc3)nc(Nc3ccc(C(=O)Nc4ccc(Cl)cc4C(=O)c4ccccc4)cc3)nc2c1,Z2196034615
3,O=C(O)c1ccc2c(=O)n3c(nc2c1)C(=Cc1cccc(Oc2ccccc2)c1)CC3,Z46645680
3,c1cncc(-c2nc(N3CCN(Cc4ccc5ccccc5c4)CC3)c3ccccc3n2)c1,Z237483836
3,Cc1ccc(-c2nc(-c3cccnc3)sc2CC(=O)N[C@@H](Cc2ccccc2)c2nc3ccccc3[nH]2)cc1,Z57992787
3,Clc1ccccc1-c1nnc(-c2cnc3onc(-c4ccccc4)c3c2)o1,Z685584136
3,Cc1ccc(NC(=O)c2ccccc2Nc2nc(-c3ccccc3)c3cc(Cl)ccc3n2)cc1,Z2216781755
3,O=C(c1ccccn1)N1CCC(Nc2nc(-c3ccccc3)nc3ccccc23)C1,Z1430529704
3,O=c1oc2cc(Oc3nc(-c4cccnc4)nc4ccccc34)ccc2c2c1CCC2,Z31108131
3,Cc1ccc2c(-c3ccccc3)nc(NN=Cc3cnc4ccccc4n3)nc2c1,Z2488926519
3,CN(Cc1nc2ccccc2c(=O)[nH]1)C(=O)c1nc(-c2ccccc2)n2c1CCCCC2,Z359437878
3,O=C(Nc1cc(Cl)ccc1C(=O)c1ccccc1)c1cccc(Nc2nc(-c3ccccc3)c3ccc(Cl)cc3n2)c1,Z2217101746
3,Oc1nc2cc(Cl)ccc2c(-c2ccccc2)c1-c1cc(-c2ccccc2)c2ccc(Cl)cc2n1,Z2010009645
3,FC(F)(F)c1cccc(C2(c3nnc(Cc4ccc5ccccc5c4)o3)CCOCC2)c1,Z1166113062
3,O=c1cc(CSc2nc3ccccc3c3nc(CCc4c[nH]c5ccccc45)nn23)nc2ccccn12,Z1157836601
3,Fc1ccc(-c2nnc(Oc3ccc(Oc4ccccc4)cc3)c3ccccc23)cc1,Z31238539
3,Clc1ccc(-c2nc(-n3nc4ccccc4n3)nc3ccccc23)cc1,Z1354601889
3,Clc1ccccc1N1CCN(c2nc(-c3ccccc3)c3ccccc3n2)CC1,Z94805071
3,O=c1c2cc3ccccc3cc2ncn1Cc1nc(-c2ccc(F)cc2)no1,Z84425236
3,Cc1ccc2c(-c3ccccc3)nc(NN=Cc3c[nH]c4ccccc34)nc2c1,Z1409330734
3,O=C(Nc1cccc(-c2cc(-c3ccccc3)c3ccc(Cl)cc3n2)c1)c1cccs1,Z1385981341
3,Fc1cccc(-c2nnn(-c3nc(-c4cccnc4)nc4ccccc34)n2)c1,Z52641913
3,Cc1ccc2c(-c3ccccc3)nc(Nc3ccc(C(=O)Nc4ccccc4)cc3)nc2c1,Z2196034762
3,Clc1ccc(C2=CC(c3cccc4ccccc34)n3nnnc3N2)cc1,Z53204577
3,Cc1ccc(C2=CC(c3cccc4ccccc34)n3ncnc3N2)cc1,Z56804195
3,O=c1c2ccc(C(F)(F)F)cc2nc2n1CCC2=Cc1cccc(OCc2ccccc2)c1,Z45931509
3,O=C1C(=NNc2ccc3ccccc3c2)C(c2ccccc2)=NN1c1ccccc1,Z55338962
3,O=c1cc(CSc2nc3ccccc3c(=O)n2-c2cccc(C(F)(F)F)c2)c2cc3c(cc2o1)CCC3,Z20173209
3,O=C(c1ccc(-c2ccccc2F)o1)N(Cc1ccccc1)Cc1nc2ccccc2c(=O)[nH]1,Z226325778
3,O=C(NCc1cn(Cc2ccccc2)nc1-c1ccccc1)c1ccc2ccccc2n1,Z223090652
3,O=C(NCc1ccccc1)c1ccc(Oc2nc(-c3ccccc3)cc(-c3ccccc3)n2)cc1,Z1037335532
3,FC(F)(F)c1cccc(-n2c(SC(c3ccccc3)c3ccc(Cl)cc3)nnc2-c2ccccc2Cl)c1,Z16013785
3,Cc1ccc(-c2cc(-c3nnc(SCc4csc(-c5ccccc5)n4)o3)c3ccccc3n2)cc1,Z56949288
3,O=C(c1ccccc1)c1ccc(Cl)cc1NC(=O)c1c(O)nc2cc(Cl)ccc2c1-c1ccccc1,Z2010009622
3,c1cncc(-c2nc(N3CCN(Cc4ccc5c(c4)CCO5)CC3)c3ccccc3n2)c1,Z128095220
3,O=S(=O)(c1ccccc1C(F)(F)F)N1CCN(c2nc(-c3ccccc3)nc3ccccc23)CC1,Z31105178
3,C(=NNc1nc(-c2ccccc2)c2ccccc2n1)c1cccc2cccnc12,Z1033301210
3,Clc1ccc(-c2cc(Nc3ccccc3Cl)nc3ccccc23)cc1,Z1143441182
4,O=C(CNC1=NS(=O)(=O)c2ccccc21)NCc1cn(-c2ccccc2)nc1-c1ccc(F)cc1,Z109737918
4,O=C1CC(C(=O)NCc2cn(-c3ccccc3)nc2-c2ccc(F)cc2)c2ccc(F)cc2N1,Z225135874
4,CC(=O)N1C=Cc2ccccc2C1CC(=O)NCc1cn(-c2ccccc2)nc1-c1ccc(F)cc1,Z109741360
4,O=C(Cc1n[nH]c(=O)c2ccccc12)NCc1cn(-c2ccccc2)nc1-c1ccc(F)cc1,Z109739230
4,O=C1OC(C(=O)NCc2cn(-c3ccccc3)nc2-c2ccc(F)cc2)Cc2ccccc21,Z109740032
4,O=C(Cn1ncc2ccccc2c1=O)NCc1cn(-c2ccccc2)nc1-c1ccc(F)cc1,Z316489828
4,O=C(Cn1nnc2ccccc2c1=O)NCc1cn(-c2ccccc2)nc1-c1ccc(F)cc1,Z131443392
4,O=C(Cn1cnc2ccccc2c1=O)NCc1cn(-c2ccccc2)nc1-c1ccc(F)cc1,Z109737570
4,O=c1[nH]c(SCc2cn(-c3ccccc3)nc2-c2ccccc2)nc2c1cnn2-c1ccccc1,Z150144208
4,O=C1CCc2cc(S(=O)(=O)NCc3cn(-c4ccccc4)nc3-c3ccc(F)cc3)ccc2N1,Z133833798
4,O=C(NCc1cn(-c2ccccc2)nc1-c1ccc(F)cc1)c1cccnc1N1CCCC1,Z109741214
4,O=C(CC1Oc2ccccc2NC1=O)NCc1cn(-c2ccccc2)nc1-c1ccc(F)cc1,Z109741058
4,O=C(CN1C(=O)CCOc2ccccc21)NCc1cn(-c2ccccc2)nc1-c1ccc(F)cc1,Z109740452
4,O=C1OC(C(=O)NCc2cn(-c3ccccc3)nc2-c2ccccc2)Cc2ccccc21,Z88588012
4,O=C(Nc1cn(-c2ccccc2)nc1-c1ccc(F)cc1)Nc1cccc2ccccc12,Z85924883
4,O=C(CN1C(=O)COc2ccccc21)NCc1cn(-c2ccccc2)nc1-c1ccc(F)cc1,Z109739472
4,CC(=O)N1CC(C(=O)NCc2cn(-c3ccccc3)nc2-c2ccc(F)cc2)Oc2ccccc21,Z109740584
4,O=C(NCc1cn(-c2ccccc2)nc1-c1ccc(F)cc1)c1n[nH]c2ccccc12,Z117571564
4,O=C1CC(C(=O)NCc2cn(-c3ccccc3)nc2-c2ccccc2)c2ccc(F)cc2N1,Z224957400
4,O=C1CSc2ccc(C(=O)NCc3cn(-c4ccccc4)nc3-c3ccc(F)cc3)cc2N1,Z109737782
4,O=C(NCc1cn(-c2ccccc2)nc1-c1ccc(F)cc1)C1CCCN(c2cnccn2)C1,Z324748446
4,O=C(CN1C(=O)NC2(CCCC2)C1=O)NCc1cn(-c2ccccc2)nc1-c1ccc(F)cc1,Z109738112
4,O=C(NCc1cn(-c2ccccc2)nc1-c1ccc(F)cc1)c1ccc2c(c1)OCCO2,Z109736944
4,O=C(NCc1cn(Cc2ccccc2)nc1-c1ccccc1)c1cc2ccccc2c(=O)[nH]1,Z230134946
4,O=C(Cc1noc2ccccc12)NCc1cn(-c2ccccc2)nc1-c1ccc(F)cc1,Z109741298
4,O=C(Cc1ccc2c(c1)OCCO2)NCc1cn(-c2ccccc2)nc1-c1ccc(F)cc1,Z109738708
4,O=C(Cc1csc(N2CCCC2=O)n1)NCc1cn(-c2ccccc2)nc1-c1ccc(F)cc1,Z109741276
4,O=C1NC2(CCCC2)C(=O)N1Cc1cn(-c2ccccc2)nc1-c1ccc(Cl)cc1,Z25701709
4,CC1(c2ccccc2)NC(=O)N(Cc2cn(-c3ccccc3)nc2-c2ccccc2)C1=O,Z25728381
4,O=C(NCc1cn(-c2ccccc2)nc1-c1ccc(F)cc1)C1CC(=O)N(C2CCCC2)C1,Z109740296
4,O=C(CCN1C(=O)C2CC=CCC2C1=O)NCc1cn(-c2ccccc2)nc1-c1ccc(F)cc1,Z109737486
4,Cc1ccc(-c2nn(-c3ccccc3)cc2CCC(=O)Nc2cccc3ccccc23)cc1,Z56806542
4,O=C(CCC1Cc2ccccc2NC1=O)NCc1cn(-c2ccccc2)nc1-c1ccccc1,Z229253996
4,C=C1c2ccccc2C(=O)N1C(C)C(=O)NCc1cn(-c2ccccc2)nc1-c1ccccc1,Z224956734
4,O=C(Cc1cn(-c2ccccc2)nc1-c1ccc(Cl)cc1)Nc1ccc2c(c1)NC(=O)CO2,Z99465342
4,O=C(CC1Sc2ccccc2NC1=O)NCc1cn(-c2ccccc2)nc1-c1ccc(F)cc1,Z117573376
5,O=C(Cn1c2ccccc2c(=O)c2ccccc21)N1CCCN(Cc2ccc(F)cc2)CC1,Z247112080
5,O=C(c1ccc2c(c1)OCCO2)C1CCN(C(=O)c2nn(-c3ccc(F)cc3)c3c2CCC3)CC1,Z230391612
5,O=C(c1ccc(Cl)c(S(=O)(=O)N2CCN(c3ccc(F)cc3)CC2)c1)N1CCn2c1nc1ccccc12,Z56973953
5,CN1CCN(C(=O)c2nn(-c3ccc(F)cc3)c3c2CCCC3)c2nc3ccccc3nc21,Z235431384
5,Cc1nn(-c2ccc(F)cc2)c2sc(C(=O)N3c4ccccc4Sc4ccccc43)cc12,Z56843475
5,O=C(c1nn(-c2ccccc2)c(=O)c2ccccc12)N1CC=C(c2c[nH]c3cc(F)ccc23)CC1,Z425189676
5,O=C(c1nn(-c2ccc(F)cc2)c2c1CCCC2)N1CCC(c2nc3ccccc3o2)CC1,Z224597660
5,O=C(c1cc2ccccc2[nH]c1=O)N1CCN(C(c2ccc(F)cc2)c2ccc(F)cc2)CC1,Z223841996
5,O=C(c1nn(-c2ccc(F)cc2)c2c1CCC2)N1CCN(Cc2cccc3cccnc23)CC1,Z240452722
5,O=C1c2ccccc2S(=O)(=O)c2cc(C(=O)N3CCCN(Cc4ccc(F)cc4)CC3)ccc21,Z211288780
5,O=C(c1ccc2[nH]c3c(c2c1)CCCC3)N1CCN(C(c2ccc(F)cc2)c2ccc(F)cc2)CC1,Z95693878
5,Cc1ccc(-c2cn3c(C(=S)Nc4ccc(F)cc4)c(-c4ccccc4)c4c3n2CCCC4)cc1,Z57009953
5,O=C(c1ccc(-c2ccc(F)cc2)o1)N1CCN(Cc2ccc3c(c2)CCO3)CC1,Z109889804
5,O=C(c1nn(-c2ccc(F)cc2)c2c1CCCCC2)N1CCN(Cc2cn3ccccc3n2)CC1,Z220600296
5,O=C1CN(C(=O)CSC2=NC(=Cc3ccccc3)C(=O)N2c2ccc(F)cc2)c2ccccc2N1,Z25346673
5,O=C(O)C1c2ccccc2CCN1C(=O)c1nn(-c2ccccc2F)c2c1CCC2,Z1444698478
5,O=C(c1nn(-c2ccc(F)cc2)c2c1CCC2)N1CCN(Cc2ccc3c(c2)CCO3)CC1,Z225087944
5,O=C(CCc1c(-c2ccc(F)cc2)[nH]c2ccccc12)N1CCc2ccccc2C1,Z116278474
5,O=C(c1nn(-c2ccc(F)cc2)c2c1CCC2)N1CCC(N2CCCc3ccccc32)CC1,Z574026182
5,O=C(c1ccc(-c2ccc(F)cc2)o1)N1CCC(n2c(=O)[nH]c3ccccc32)CC1,Z126939482
5,O=C(NC1CCOc2ccccc21)c1nn(-c2ccc(F)cc2)c2c1CCCC2,Z224898424
5,O=C(N[C@@H](Cc1c[nH]c2ccccc12)C(=O)N1CCC2CCCCC2C1)c1ccc(F)cc1,Z101909440
5,Cc1ccc(C(=O)Nc2cccc(C3C=C(c4ccc(F)cc4)Nc4nnnn43)c2)cc1,Z53193145
5,O=C(Cc1csc(-c2ccc(F)cc2)n1)Nc1nc2ccccc2nc1N1CCCC1,Z220408818
5,O=C(c1cc2ccccc2[nH]1)N1CCN(c2nnnn2-c2ccccc2)CC1,Z395848600
5,O=C(c1ccc(F)cc1)N1CCC(C(=O)N2CCN(Cc3ccc(C(F)(F)F)cc3)CC2)CC1,Z131360162
5,O=C(NCC1COc2ccccc2O1)NC(Cn1cnc2ccccc21)c1ccc(F)cc1,Z447078502
5,O=C(Nc1nccs1)C1CCCN1C(=O)c1nn(-c2ccccc2F)c2c1CCC2,Z407103160
5,O=C(NCc1ccc(F)cc1F)C1CCN(c2nc3ccsc3c(=O)n2Cc2ccc(F)cc2)CC1,Z1172116139
5,O=C1Nc2ccccc2C12Nc1ccccc1-c1nc(=O)c(-c3ccc(F)cc3)nn12,Z1650188408
5,O=C(Cn1c(=O)n2nc(-c3ccc(F)cc3)nc2c2ccccc21)c1ccc(F)cc1,Z273871358
5,O=C(c1ccccc1)N1CCN(C(=O)c2nn(-c3ccccc3)c3c2CCCCC3)CC1,Z450302962
5,Cc1ccc(S(=O)(=O)N2CCN(C(=O)c3nn(-c4ccc(F)cc4)c4c3CCCC4)CC2)cc1,Z224337932
5,O=C(Oc1ccc2ccc(=O)oc2c1)c1nn(-c2ccc(F)cc2)c2c1CCCC2,Z238987252
5,Cc1nn(-c2ccc(F)cc2)c2c1C(c1ccccc1)C1=C(CCCC1=O)N2,Z56835481
5,O=C(NCc1ccc(-c2ccc(F)cc2)o1)c1ccc(-n2cnc3ccccc3c2=O)cc1,Z296641108
5,O=C(C1CN(C(=O)c2ccc(-c3ccc(F)cc3)o2)c2ccccc2O1)N1CCCCC1,Z109823486
5,O=C(NCC1COc2ccccc2O1)c1nn(-c2ccc(F)cc2)c2c1CCCC2,Z224824340
5,O=C(c1cccs1)N1CCN(C(=O)c2nn(-c3ccc(F)cc3)c3c2CCCCC3)CC1,Z220599472
5,Cc1nc(C(=O)N2CCC(C(=O)N3CCc4ccccc4C3)CC2)nn1-c1ccc(F)cc1,Z306811882
5,O=C(Nc1ccc(F)cc1)C(c1ccccc1)N1CCN(C(=O)C2COc3ccccc3O2)CC1,Z46476467
5,O=c1c2cc(Br)ccc2ncn1Cc1nn(-c2ccc(F)cc2)c2c1CCC2,Z872235808
5,O=C1CCCc2[nH]c(=O)c(C(=O)N3CCN(c4nnnn4-c4ccccc4)CC3)cc21,Z395850954
5,Cc1nn(Cc2ccc(F)cc2)c2sc(C(=O)N3CCN(C)c4nc5ccccc5nc43)cc12,Z240668504
5,O=C1CN(C(=O)CN2CCCC(c3cc(F)ccc3F)C2)c2ccccc2N1,Z1831935411
5,O=C(Cn1nc(-c2ccc(F)cc2)oc1=O)c1ccc2c(c1)-c1ccccc1C2,Z151004596
5,O=C(NC1CC1)c1cc(N2CCN(C(c3ccc(F)cc3)c3ccc(F)cc3)CC2)nc2ccccc12,Z165235826
5,O=C(NCc1ccc(F)cc1)c1c2c(nc3ccccc13)CCN(Cc1ccccc1)C2,Z26779999
5,O=C(NCc1ccn(-c2ccccc2F)n1)c1cccc2c3c([nH]c12)CCCC3,Z572603506
5,Nc1c(-c2ccccc2)c(CN2CCN(c3ccccc3F)CC2)nn1-c1ccc(F)cc1,Z56903079
5,O=C(Cn1ncc(=O)c2ccccc21)N1CCN(C(c2ccc(F)cc2)c2ccc(F)cc2)CC1,Z109154800
5,O=C(NCC1(c2ccc(F)cc2)CC1)C1CCN(C(=O)c2cccc3ccccc23)CC1,Z509413344
5,O=C(Nc1cccc(N2CCCC2=O)c1)c1nn(-c2ccc(F)cc2)c2c1CCCC2,Z225571520
5,CC1(c2ccc(F)cc2)NC(=O)N(Cc2nc3ccccc3c(=O)n2-c2ccc(F)cc2)C1=O,Z235556282
5,O=C(CCc1nnc2n(Cc3ccc(F)cc3)c(=O)c3ccccc3n12)N1CCN(c2ccc(Cl)cc2)CC1,Z1170274257
5,O=C(c1ccc(F)cc1)N1CCN(CCN2C(=O)c3cccc4cccc(c34)C2=O)CC1,Z56767480
5,O=C(Cn1nc(-c2ccc(F)cc2)oc1=O)N1c2ccccc2CCc2ccccc21,Z289723976
5,O=C(Nc1ccccc1-n1ncc2c(=O)[nH]cnc21)c1nn(-c2ccc(F)cc2)c2c1CCCC2,Z381166274
5,NC(=O)C1Cc2ccccc2CN1C(=O)CCc1c(-c2ccc(F)cc2)[nH]c2ccccc12,Z143202488
5,O=C(c1ccc(-c2ccc(F)cc2)o1)N1CCN(C(=O)C2COc3ccccc3O2)CC1,Z67295711
5,O=C(CSc1nc2nn(-c3ccccc3)c(=O)c-2c2n1CCCCC2)Nc1ccc(F)cc1F,Z18615323
5,O=C(CCN1c2ccccc2Sc2ccccc21)Oc1ccc(C(=O)c2ccc(F)cc2)cc1,Z26738228
5,O=C(c1ccccc1Nc1ccc(F)cc1)N1CCC(n2c(=O)[nH]c3ccccc32)CC1,Z131400922
5,O=C(c1cccc(-c2ccc(O)cc2)c1)N1CCN(c2ccc(F)cc2)CC1,Z32325702
5,COc1ccc2cc(C(=O)N3CCN(C(c4ccc(F)cc4)c4ccc(F)cc4)CC3)c(C)nc2c1,Z191246464
5,Cc1nn(-c2ccc(Cl)cc2)c2sc(C(=O)Oc3ccc4c5c(c(=O)oc4c3)CCC5)cc12,Z29603321
5,O=C(O)C1Cc2ccccc2CN1C(=O)c1nn(-c2ccc(F)cc2)c2c1CCCC2,Z1444340301
5,O=C(C(=O)N1CCN(C(=O)c2nn(-c3ccc(F)cc3)c3c2CCCCC3)CC1)N1CCOCC1,Z220600056
5,O=C(NNC=C1C(=O)N(c2ccccc2C(F)(F)F)C(=O)c2ccccc21)c1ccc(F)cc1,Z56785047
5,Nc1nc(CN2CCCC2c2ccccc2)nc(Nc2ccc(F)cc2)n1,Z225154276
5,O=C(c1ccc(F)cc1F)N1CC=C(c2c[nH]c3ccccc23)CC1,Z231244592
5,O=C(NCCC(=O)N1CCc2[nH]c3ccccc3c2C1)c1ccc(F)cc1F,Z225665562
5,O=c1nc2n(nc1-c1ccc(F)cc1)C(c1ccccc1F)Nc1ccccc1-2,Z1837726473
5,Cc1ccc(-c2nc3c4ccccc4n(CC(=O)c4ccc(F)cc4)c(=O)n3n2)cc1,Z273886940
5,O=C(NCC(c1ccc(F)cc1)N1CCOCC1)c1nn(-c2ccccc2)c(=O)c2ccccc12,Z27285982
5,O=C(c1ccc(-c2ccc(F)cc2)o1)N1CCN(c2cnn(-c3ccccc3)c(=O)c2Cl)CC1,Z66606757
5,O=C(N[C@@H](Cc1c[nH]c2ccccc12)C(=O)N1CCN(c2ccccc2)CC1)c1ccc(F)cc1,Z99076308
5,O=C(c1ccc(-c2ccc(F)cc2)o1)N1CCN(Cc2nc3ccccc3s2)CC1,Z67355669
5,O=C(N[C@@H](Cc1c[nH]c2ccccc12)C(=O)OCC(=O)N1CCc2ccccc21)c1ccc(F)cc1,Z56839840
5,O=C(O)c1cc(-c2ccc(-c3ccc(F)cc3)o2)nc2cc3c(cc12)OCCO3,Z278101844
5,O=C(COc1ccc2c(=O)c(Oc3ccc(F)cc3)coc2c1)N1CCc2ccccc2C1,Z56696388
5,O=C(c1ccc(=O)n(-c2ccccc2F)n1)N1CCN(c2cncc3ccccc23)CC1,Z1827686432
6,CC1(c2cccc3ccccc23)NC(=O)N(CC(=O)N2c3ccccc3OCC2c2ccccc2)C1=O,Z65773986
6,O=C(CN1C(=O)NC2(CCCc3ccccc32)C1=O)NC(c1ccccc1)c1ccccc1,Z13601477
6,O=C(CN1C(=O)NC2(CCCc3ccccc32)C1=O)NC(c1ccccc1)c1ccc(Cl)cc1,Z65671695
6,CC1(c2ccc3ccccc3c2)NC(=O)N(CC(=O)NC(c2ccccc2)c2ccc(Cl)cc2)C1=O,Z65774708
6,CC1(c2ccc3ccccc3c2)NC(=O)N(CC(=O)Nc2nc(-c3ccc4c(c3)CCC4)cs2)C1=O,Z28888852
6,Cc1ccc(C(NC(=O)CN2C(=O)NC3(CCc4ccccc43)C2=O)c2cccs2)cc1,Z89585670
6,O=C1NC2(CCOc3ccccc32)C(=O)N1CC(=O)N1c2ccccc2SCC1c1ccccc1,Z92100263
6,Nc1nc(CN2C(=O)NC3(CCCc4ccccc43)C2=O)nc(Nc2ccc(F)cc2)n1,Z134048420
6,Cn1c(-c2ccccc2)c(C(=O)CN2C(=O)NC3(CCCc4ccccc43)C2=O)c2ccccc21,Z13596561
6,O=C(CN1C(=O)NC2(CCCCc3ccccc32)C1=O)c1ccc2c(c1)-c1ccccc1C2,Z14010713
6,O=C(CN1C(=O)NC2(CCc3ccccc32)C1=O)NC(c1ccccc1)c1ccc(Cl)cc1,Z65674656
6,O=C(CN1C(=O)NC2(CCCc3sccc32)C1=O)NC(c1ccccc1)c1ccccc1,Z17376075
6,O=C(CN1C(=O)NC2(CCOc3ccccc32)C1=O)NC(c1ccc(F)cc1)c1cccs1,Z91063836
6,O=C(CN1C(=O)NC2(CCOc3ccccc32)C1=O)Nc1ccccc1C(=O)Nc1ccc(F)cc1,Z97012422
6,Cc1ccc(C(NC(=O)CN2C(=O)NC3(CCCc4ccccc43)C2=O)c2ccccc2)cc1C,Z73323552
6,O=C(CN1C(=O)NC2(CCc3ccccc32)C1=O)c1c(-c2ccc(F)cc2)[nH]c2ccccc12,Z89714290
6,O=C(CN1C(=O)NC2(CCc3ccccc32)C1=O)Nc1ccccc1-c1ccccc1,Z14180155
6,CC1(c2ccc3ccccc3c2)NC(=O)N(CC(=O)Nc2ccccc2C(=O)c2ccccc2)C1=O,Z14132907
6,CC1(c2cccc3ccccc23)NC(=O)N(CC(=O)Nc2ccccc2C(=O)c2ccccc2)C1=O,Z14073383
6,O=C(CN1C(=O)NC2(CCCc3sccc32)C1=O)NC(c1ccccc1)c1ccc(Cl)cc1,Z65993418
6,O=C(CN1C(=O)NC2(CCCCc3ccccc32)C1=O)Nc1cc(Cl)ccc1Oc1ccccc1,Z14009769
6,CC1(c2cccc3ccccc23)NC(=O)N(CC(=O)Nc2ccccc2Oc2ccccc2)C1=O,Z14077950
6,O=C(CN1C(=O)NC2(CCCc3ccccc32)C1=O)Nc1ccccc1C(=O)Nc1ccccc1,Z25711474
6,Cc1cccc(NC(=O)c2ccccc2NC(=O)CN2C(=O)NC3(CCCc4ccccc43)C2=O)c1,Z73300043
6,O=C(CN1C(=O)NC2(CCOc3ccccc32)C1=O)Nc1cc(C2CCCC2)nn1-c1ccccc1,Z200389604
6,CC1(c2ccc(Cl)cc2)NC(=O)N(CC(=O)c2c(-c3ccccc3)[nH]c3ccccc23)C1=O,Z13588294
6,O=C(CN1C(=O)NC2(CCc3ccccc32)C1=O)NC(c1ccc(F)cc1)c1cccs1,Z91063638
6,CC1(c2ccc3ccccc3c2)NC(=O)N(CC(=O)N(CCc2ccccc2)Cc2ccccc2)C1=O,Z14139770
6,O=C1NC2(CCCc3ccccc32)C(=O)N1CC(=O)N1c2ccccc2SCC1c1ccccc1,Z91954242
6,CC1(c2ccc3ccccc3c2)NC(=O)N(CC(=O)NC(c2ccccc2)c2ccccc2)C1=O,Z14138929
6,CC1(c2ccc3ccccc3c2)NC(=O)N(CC(=O)NC(Cc2ccccc2)c2ccccc2)C1=O,Z73401958
6,CC(NC(=O)CN1C(=O)NC2(CCc3ccccc32)C1=O)c1ccc(-c2ccccc2)cc1,Z14185905
6,CC1(c2ccc3ccccc3c2)NC(=O)N(CC(=O)Nc2ccccc2Cc2ccccc2)C1=O,Z14134114
6,O=C1NC2(CCOc3ccccc32)C(=O)N1Cc1nc2ccccc2c2ccccc12,Z89763526
6,CC1(c2ccc3c(c2)OCO3)NC(=O)N(CC(=O)c2c(-c3ccccc3)[nH]c3ccccc23)C1=O,Z16668278
6,Cn1c(-c2ccccc2)c(C(=O)CN2C(=O)NC3(CCc4ccccc43)C2=O)c2ccccc21,Z14179868
6,CC1(c2ccc3ccccc3c2)NC(=O)N(CC(=O)N(Cc2ccccc2)Cc2ccccc2)C1=O,Z14139724
6,O=C(CN1C(=O)NC2(CCCc3ccccc32)C1=O)Nc1ccc(Cl)cc1C(=O)c1ccccc1,Z13601337
6,CC1(c2ccc3ccccc3c2)NC(=O)N(CC(=O)Nc2ccc3c(c2)OC2(CCCC2)O3)C1=O,Z14133595
6,O=C(CN1C(=O)NC2(CCCc3ccccc32)C1=O)Nc1cc(Cl)ccc1Oc1ccccc1,Z13596587
6,O=C(CN1C(=O)NC2(CCOc3ccccc32)C1=O)Nc1ccccc1C(=O)c1ccccc1,Z16336620
6,CC1(c2ccc3c(c2)CCC3)NC(=O)N(CC(=O)NC(c2ccc(F)cc2)c2cccs2)C1=O,Z97882081
6,O=C(CN1C(=O)NC2(CCOc3ccccc32)C1=O)Nc1ccccc1C(=O)NCc1ccccc1,Z97012433
6,O=C1NC2(CCCc3ccccc32)C(=O)N1CC(=O)N1N=C(c2cccs2)CC1c1ccco1,Z223929758
6,COc1ccc2cc(C3(C)NC(=O)N(CC(=O)N(c4ccccc4)C4CCCCC4)C3=O)ccc2c1,Z14194395
6,O=C(CN1C(=O)NC2(CCc3ccccc3C2)C1=O)NC(c1ccccc1)c1ccccc1,Z14231148
6,O=C(CN1C(=O)NC2(CCOc3ccccc32)C1=O)c1c(-c2ccc(F)cc2)[nH]c2ccccc12,Z89763517
6,O=C(CN1C(=O)NC(Cc2ccccc2)(Cc2ccccc2)C1=O)NC(=O)Nc1ccccc1F,Z14254455
6,O=C(CN1C(=O)NC2(CCCc3ccccc32)C1=O)NC(c1ccc(F)cc1)c1cccs1,Z91063782
6,CC1(c2cccc(-n3cnnn3)c2)NC(=O)N(CC(=O)Nc2ccccc2Cc2ccccc2)C1=O,Z134660428
7,O=S(=O)(c1ccc2c(c1)CCCC2)N1CCN(c2nc(-c3ccccc3)nc3ccccc23)CC1,Z31178594
7,O=C(c1ccccc1)N1CCN(C2c3cccc4cccc(c34)C2NS(=O)(=O)c2ccccc2)CC1,Z56794419
7,O=S(=O)(c1cccc(Cl)c1)N1CCN(c2nc(-c3ccccc3)nc3ccccc23)CC1,Z31105922
7,O=C(c1cccc(S(=O)(=O)N2CCN(c3ccc(F)cc3)CC2)c1)N1CC=C(c2ccccc2)CC1,Z29700075
7,O=C(c1cc(=O)[nH]c2ccccc12)N1CCN(S(=O)(=O)c2ccc3ccccc3c2)CC1,Z57986230
7,O=C(Nc1cccc2ncccc12)C1CCN(S(=O)(=O)c2ccc3ccccc3c2)CC1,Z29903625
7,NC(=O)C1CN(C(=O)C2CCN(S(=O)(=O)c3ccc4ccccc4c3)CC2)c2ccccc2O1,Z28777049
7,O=C(c1ccc(-n2cnc3ccccc32)cc1)N1CCN(S(=O)(=O)c2ccc3c(c2)CCC3)CC1,Z87674746
7,O=C(Cn1c2ccccc2c(=O)c2ccccc21)N1CCN(S(=O)(=O)c2cccc(F)c2)CC1,Z223599512
7,O=S(=O)(c1ccc2c(c1)CCC2)N1CCN(c2nc(-c3ccccc3)nc3ccccc23)CC1,Z52578093
7,O=C(c1ccc(-c2ccc(F)cc2)o1)N1CCN(S(=O)(=O)c2ccc3c(c2)CCC3)CC1,Z70931041
7,O=S(=O)(c1cccc(C(F)(F)F)c1)N1CCN(c2nc(-c3ccccc3)nc3ccccc23)CC1,Z31104682
7,O=S(=O)(c1ccc2ccccc2c1)N1CCN(c2ncnc3sc(-c4ccccc4)cc23)CC1,Z31097574
7,Cc1ccc2nc(-c3ccc(NC(=O)C4Cc5ccccc5CN4S(=O)(=O)c4ccc5ccccc5c4)cc3)sc2c1,Z27662878
7,Cc1ccc(S(=O)(=O)N2CCN(C(=O)c3ccc4c(=O)n5c(nc4c3)CCCCC5)CC2)cc1,Z29398213
7,O=C(c1cccc(S(=O)(=O)N2CCc3ccccc32)c1)N1CCCC1c1cccnc1,Z164990164
7,O=S(=O)(c1ccc2ccccc2c1)N1CCN(c2nc(-c3ccccc3)nc3ccccc23)CC1,Z31097682
7,O=C(c1cc(-c2ccncc2)nc2ccccc12)N1CCN(S(=O)(=O)c2ccc3c(c2)CCC3)CC1,Z52088764
7,O=C(c1cccc(S(=O)(=O)N2CCc3ccccc3C2)c1)N1CCCC1Cc1ccccc1,Z240498978
7,O=C(C1CCN(S(=O)(=O)c2ccc(F)c(F)c2)CC1)N1Cc2ccccc2C(c2ccccc2)C1,Z289539342
7,CC(NC(=O)C1CCN(S(=O)(=O)c2ccc3ccccc3c2)CC1)c1ccc2ccccc2c1,Z28096606
7,O=C(Nc1nc2ccccc2s1)c1cccc(S(=O)(=O)N2CCN(c3ccc(F)cc3)CC2)c1,Z30200188
7,O=C(c1ccc(Cl)c(S(=O)(=O)N2CCc3ccccc3C2)c1)N1CCN(c2ccccc2)CC1,Z27770368
7,O=C(c1ccc2c(c1)CCC2)N1CCN(S(=O)(=O)c2cc(C(F)(F)F)ccc2Cl)CC1,Z49515629
7,Cc1cnc2c(S(=O)(=O)N3CCN(C(=O)C4(C(=O)Nc5ccc(F)cc5)CC4)CC3)cccc2c1,Z916920696
7,O=C(c1cc2ccccc2o1)N1CCN(S(=O)(=O)c2ccc3c(c2)CCC3)CC1,Z52088218
7,O=C(c1ccc(-n2cnc3ccccc32)cc1)N1CCN(S(=O)(=O)c2ccc3ccccc3c2)CC1,Z87613909
7,O=C(COC(=O)c1ccc(S(=O)(=O)N2CCc3ccccc3C2)cc1)c1ccc(-c2ccccc2)cc1,Z15611663
7,O=C(c1ccc(-c2ccccc2Cl)o1)N1CCN(S(=O)(=O)c2cccc(F)c2)CC1,Z65931403
7,O=C(c1cc(=O)c2cc(Cl)ccc2o1)N1CCN(S(=O)(=O)c2ccc3c(c2)CCC3)CC1,Z89479012
7,O=S(=O)(c1ccc2c(c1)CCCC2)N1CCN(c2nc(-c3cccs3)nc3ccccc23)CC1,Z31178505
7,Cc1ccc(C(=O)N2CCN(S(=O)(=O)c3ccc4c(c3)CCCC4)CC2)cc1F,Z109151154
7,O=C1CSc2ccc(C(=O)N3CCN(S(=O)(=O)c4ccc5ccccc5c4)CC3)cc2N1,Z29402494
7,O=C(C=Cc1ccc2c(c1)OCO2)N1CCN(S(=O)(=O)c2ccc3c(c2)CCCC3)CC1,Z27544084
7,CC1CN(S(=O)(=O)c2ccc3ccccc3c2)CCN1S(=O)(=O)c1ccc2ccccc2c1,Z223303510
7,O=C(NC1CCOc2ccccc21)C1CCN(S(=O)(=O)c2ccc3ccccc3c2)CC1,Z73329638
7,O=C(Nc1ccc(N2CCCC2=O)cc1)C1CCN(S(=O)(=O)c2ccc3c(c2)CCCC3)CC1,Z52034700
7,O=C(c1ccc(-c2ccccc2F)o1)N1CCN(S(=O)(=O)c2ccc3c(c2)CCC3)CC1,Z62877649
7,O=C(c1cc(-c2cccnc2)nc2ccccc12)N1CCN(S(=O)(=O)c2ccc3c(c2)CCC3)CC1,Z52251628
7,O=C(c1cc2ccccc2oc1=O)N1CCN(S(=O)(=O)c2ccc3ccccc3c2)CC1,Z29404199
7,O=C(c1ccc2ccccc2c1)N1CCN(S(=O)(=O)c2ccc3c(c2)OCCO3)CC1,Z29515334
7,O=C(NCC(=O)N1CCN(S(=O)(=O)c2ccc3ccccc3c2)CC1)c1ccc2c(c1)OCO2,Z33465952
7,O=C(Cn1[nH]c(=O)c2ccccc2c1=O)N1CCN(S(=O)(=O)c2ccc3c(c2)CCC3)CC1,Z52085326
7,O=C(c1ccc(-c2ccc(F)cc2)o1)N1CCN(S(=O)(=O)c2ccccc2Cl)CC1,Z67361372
7,NC(=O)c1nn(CC(=O)N2CCN(S(=O)(=O)c3ccc4c(c3)CCC4)CC2)c(=O)c2ccccc12,Z70930963
7,O=C(Nc1nc2ccccc2[nH]1)c1cc(S(=O)(=O)N2CCN(c3ccccc3)CC2)ccc1Cl,Z27666560
7,O=C(NN1C(=O)NC2(CCCCC2)C1=O)C1CCN(S(=O)(=O)c2ccc3ccccc3c2)CC1,Z29943432
7,O=C(C=Cc1ccc2c(c1)OCCO2)N1CCN(S(=O)(=O)c2ccc3c(c2)CCC3)CC1,Z52085014
7,O=C(c1ccc(-c2nnco2)cc1)N1CCN(S(=O)(=O)c2ccc3c(c2)CCC3)CC1,Z82251820
7,O=S(=O)(C1=Cc2ccccc2CC1)N1CCN(S(=O)(=O)C2=Cc3ccccc3CC2)CC1,Z53038263
7,O=C(Nc1ccc2c(c1)OC1(CCCC1)O2)C1CCN(S(=O)(=O)c2ccc(F)c(F)c2)CC1,Z28590797
7,CC1CCc2[nH]c3ccc(C(=O)N4CCN(S(=O)(=O)c5ccc6c(c5)OCCO6)CC4)cc3c2C1,Z29513901
7,O=C(C1=CN2CCS(=O)(=O)N=C2C=C1)N1CCN(S(=O)(=O)c2ccc3ccccc3c2)CC1,Z71196005
7,O=c1c2ccccc2cnn1CN1CCN(S(=O)(=O)c2ccc3c(c2)CCC3)CC1,Z219086398
7,O=C(c1ccc(-c2ccc(F)cc2)o1)N1CCN(S(=O)(=O)c2c(Cl)cccc2Cl)CC1,Z67130662
7,O=C(C1CCN(S(=O)(=O)c2ccc(F)cc2)CC1)N1CCCCC1c1nc2ccccc2s1,Z110064700
7,O=C(c1ccc(F)cc1)N1CCC(C(=O)N2CCCN(S(=O)(=O)c3ccc(F)cc3)CC2)CC1,Z131697796
7,O=C(Nc1ccc(-n2cnnn2)cc1)c1ccc(Cl)c(S(=O)(=O)N2CCc3ccccc3C2)c1,Z26552728
7,O=S(=O)(c1ccc(Cl)c2ccccc12)N1CCN(C(c2ccccc2)c2ccccc2)CC1,Z2216314553
7,O=C(c1ccc2ccccc2c1)N1CCN(S(=O)(=O)c2ccc3ccccc3c2)CC1,Z29404046
7,O=C(c1cc2cc(F)ccc2[nH]1)N1CCN(S(=O)(=O)c2ccc3ccccc3c2)CC1,Z300277204
7,O=C(c1ccc(=O)n(Cc2ccccc2)n1)N1CCN(S(=O)(=O)c2ccc3c(c2)CCC3)CC1,Z52085834
7,O=C(Nc1ccc2c(c1)CCC2)c1cccc(S(=O)(=O)N2CCN(c3ccc(F)cc3)CC2)c1,Z29353242
7,O=S(=O)(c1ccc2c(c1)OCCO2)N1CCN(c2nc(-c3ccccc3)nc3ccccc23)CC1,Z31103442
7,O=C1OC(CC(=O)N2CCN(S(=O)(=O)c3ccc4ccccc4c3)CC2)c2ccccc21,Z29402480
7,O=C(c1nn(-c2ccccc2)c(=O)c2ccccc12)N1CCN(S(=O)(=O)c2ccc3c(c2)OCCO3)CC1,Z29515040
7,O=C1CC(c2ccccc2)C(=O)N1CN1CCN(S(=O)(=O)c2ccc3ccccc3c2)CC1,Z118018764
7,O=C(c1cccc(S(=O)(=O)N2CCN(c3ccccc3)CC2)c1)N1CC=C(c2ccccc2)CC1,Z29700019
7,O=C(c1ccc(-c2ccc(F)cc2)o1)N1CCN(S(=O)(=O)c2ccc(F)c(Cl)c2)CC1,Z67716903
7,O=C1CC(N2CCN(S(=O)(=O)c3ccc4ccccc4c3)CC2)C(=O)N1c1ccccc1,Z44442796
7,O=C(c1cncn1-c1ccc(F)cc1)N1CCN(S(=O)(=O)c2ccc3ccccc3c2)CC1,Z63526483
7,O=C(c1ccccc1Nc1ccc(F)cc1)N1CCN(S(=O)(=O)c2ccc(F)c(F)c2)CC1,Z29520407
7,O=S(=O)(c1ccc(Cl)cc1)N1CN(c2cccc(C(F)(F)F)c2)c2nc3ccccc3nc21,Z56775413
7,Cc1ccc(N2C(=O)CC(N3CCN(S(=O)(=O)c4ccc5ccccc5c4)CC3)C2=O)cc1,Z44442797
7,O=C(NNc1ccc(F)cc1)c1cccc(S(=O)(=O)N2CCc3ccccc3C2)c1,Z30877419
7,CC(NC(=O)c1cccc(S(=O)(=O)N2CCc3ccccc32)c1)c1cc2ccccc2o1,Z91037240
7,Cc1cc(=O)c(C(=O)N2CCN(S(=O)(=O)c3ccc4c(c3)CCCC4)CC2)nn1-c1ccccc1,Z115053842
7,Cc1ccc(S(=O)(=O)N2CCN(C(=O)c3cc(-c4ccc(F)cc4)nc4onc(C)c34)CC2)cc1,Z219753166
7,O=C(c1ccccc1Oc1ccccc1)N1CCN(S(=O)(=O)c2ccc3c(c2)OCCO3)CC1,Z29515403
7,O=C(c1ccc(-c2ccccc2F)o1)N1CCN(S(=O)(=O)c2ccc(Br)cc2)CC1,Z62741079
7,Cc1ccc2c(CN3CCN(S(=O)(=O)c4ccc5c(c4)CCCC5)CC3)cc(=O)oc2c1,Z46433643
7,O=C1CC(N2CCN(S(=O)(=O)c3ccccc3F)CC2)C(=O)N1c1cccc2ccccc12,Z44444082
8,O=C(N[C@@H](Cc1ccccc1)c1nc2ccccc2[nH]1)c1ccc2c(c1)S(=O)(=O)c1ccccc1C2=O,Z56988199
8,Cc1ccccc1NC(=O)c1cc2ccccc2cc1OCC(=O)N1CCc2ccccc21,Z26316771
8,O=C(NN=C1c2ccccc2-c2ccccc21)c1ccccc1OCc1ccccc1Cl,Z49833833
8,O=C(COC(=O)c1cccc2c1C(=O)c1ccccc1C2=O)Nc1ccccc1Oc1ccccc1,Z18301912
8,O=C(CC(NC(=O)c1ccccc1)c1ccccc1)Nc1ccc2c(c1)-c1ccccc1C2,Z27569075
8,O=C(OCc1cc(=O)oc2ccc3ccccc3c12)c1ccccc1-c1ccc(C(F)(F)F)cc1,Z19790038
8,O=C(NN=C1c2ccccc2-c2ccccc21)c1cccc(NN=C2c3ccccc3-c3ccccc32)c1,Z44831449
8,O=C(COc1cc2oc(=O)cc(-c3ccccc3)c2cc1Cl)c1ccc(-c2ccccc2)cc1,Z56832359
8,Cc1ccc(S(=O)(=O)N=C2C=C(Nc3cccc4ccccc34)C(=O)c3ccccc32)cc1,Z56940621
8,Cc1ccc(Oc2ccccc2NC(=O)C2Cc3ccccc3C(=O)O2)cc1,Z51967062
8,Cc1ccc(Oc2ccccc2NC(=O)COc2cc3ccccc3cc2C(=O)N2CCOCC2)cc1,Z360822558
8,COc1cc2c(cc1NC(=O)c1ccccc1-c1ccc(C(F)(F)F)cc1)oc1ccccc12,Z30927947
8,Cc1ccccc1NC(=O)c1cc2ccccc2cc1OCC(=O)Nc1ccc(N2CCOCC2)cc1,Z26316737
8,O=C(COC(=O)c1ccccc1Nc1cccc(C(F)(F)F)c1)c1ccc2c(c1)-c1ccccc1C2,Z18864016
8,O=C1c2ccccc2S(=O)(=O)c2cc(C(=O)N(CCc3ccccc3)CCc3ccccc3)ccc21,Z56870822
8,O=C(CSc1ncc(-c2ccc(F)cc2)[nH]1)Nc1cccc2c1C(=O)c1ccccc1C2=O,Z92381699
8,O=C(COc1ccc2[nH]c3ccccc3c(=O)c2c1)Nc1ccccc1Cc1ccccc1,Z25333271
8,O=C(Cn1c2ccccc2c(=O)c2ccccc21)Nc1ccccc1C(=O)Nc1ccc2c(c1)OCO2,Z228942156
8,O=C(Nc1nnc(-c2ccccc2Cl)s1)c1cccnc1Nc1cccc(F)c1,Z811746836
8,Cc1nnc(-c2ccc(NC(=O)c3cc(F)ccc3-c3cccc(C(F)(F)F)c3)cc2)o1,Z1264861261
8,O=C(Oc1ccccc1Cc1ccccc1)c1ccc2c(c1)S(=O)(=O)c1ccccc1C2=O,Z26759254
8,O=C(Cn1cc(C(=O)c2ccc3ccccc3c2)c(=O)c2cc3c(cc21)OCO3)Nc1ccc(Cl)cc1,Z994074266
8,O=C1C(=CNc2cccc(C(F)(F)F)c2)c2ccccc2C(=O)N1c1cccc(C(F)(F)F)c1,Z31274934
8,O=C1OC(C(=O)Nc2ccccc2C(=O)NCc2ccc3c(c2)OCO3)Cc2ccccc21,Z51964117
8,O=C(CC1Oc2ccccc2NC1=O)NC(c1ccccc1)c1ccc2nc(C(F)(F)F)[nH]c2c1,Z245966424
8,O=C(CC1Sc2ccccc2NC1=O)NC(c1ccccc1)c1ccc2[nH]cnc2c1,Z237721938
8,Cc1ccc(N2C(=O)C(=CNc3ccc4c(c3)C(=O)c3ccccc3C4=O)c3ccccc3C2=O)c(C)c1,Z31271553
8,Cc1ccc(Oc2ccc(Cl)cc2NC(=O)CC2Oc3ccccc3NC2=O)cc1,Z64187985
8,O=C(COC(=O)c1ccc2c(c1)S(=O)(=O)c1ccccc1C2=O)NC(=O)C1COc2ccccc2O1,Z19802284
8,Cc1ccc(-c2ccsc2C(=O)NNS(=O)(=O)c2ccc3oc(=O)ccc3c2)cc1,Z299677296
8,Cc1ccc(Oc2ccccc2NC(=O)c2ccc3c(c2)OCC(=O)N3)cc1,Z73301586
8,O=C(Nc1nc(-c2cccc3ccccc23)cs1)c1ccc2c(c1)S(=O)(=O)c1ccccc1C2=O,Z28729548
8,O=C(OC(C(=O)c1ccccc1)c1ccccc1)c1cccc2c1C(=O)c1ccccc1C2=O,Z18300819
8,O=C(CCc1c[nH]c2ccccc12)Nc1ccc(N2C(=O)c3cccc4cccc(c34)C2=O)cc1,Z29058756
8,O=C(CSc1ncc(-c2ccc(F)cc2)o1)Nc1ccc2c(c1)C(=O)c1ccccc1C2=O,Z217692026
8,O=C(Nc1ccc2c(c1Cl)C(=O)c1ccccc1C2=O)c1cccc(Oc2ccccc2)c1,Z56807680
8,Nc1c(C(=O)OCc2ncc(-c3ccc(F)cc3)o2)ccc2c1C(=O)c1ccccc1C2=O,Z224607828
8,O=C(CC1Sc2ccc(C(F)(F)F)cc2NC1=O)NC(c1ccccc1)c1cc2ccccc2o1,Z200589384
8,O=C(CSc1ccc2ccccc2c1)Nc1cccc2c1C(=O)c1ccccc1C2=O,Z17459129
8,O=C(NC1CC1)c1cccc(NC(=O)C(Cc2c[nH]c3ccccc23)NC(=O)c2ccc(F)cc2)c1,Z230009816
8,O=C(Nc1ccc(F)cc1)c1ccccc1NC(=O)C1c2ccccc2Oc2ccccc21,Z56872328
8,O=C(COC(=O)c1cc(=O)c2ccccc2o1)Nc1ccc2c(c1)C(=O)c1ccccc1C2=O,Z18483535
8,O=C(Cn1cc(C(=O)c2ccc3ccccc3c2)c(=O)c2cc3c(cc21)OCO3)Nc1ccc(Cl)cn1,Z994074256
8,O=C(COc1ccc(C(=O)c2ccc(Cl)cc2)cc1)Nc1ccccc1-c1ccccc1,Z25095141
9,Fc1ccc(C2Oc3ccccc3C3CC(c4ccc5c(c4)OCCO5)=NN32)cc1,Z56799038
9,O=C(c1ccc(-c2ccc(F)cc2)o1)N1CCCC1c1ccc2c(c1)OCCCO2,Z70810461
9,O=C(c1nn(Cc2ccccc2)c(=O)c2ccccc12)N1CCCC1c1ccc2c(c1)OCCCO2,Z70808997
9,O=C1NC2(CCCc3ccccc32)C(=O)N1CC(=O)N1CCCC1c1ccc2c(c1)OCCCO2,Z65671616
9,O=C(CCc1ccc(-c2ccccc2F)o1)N1CCCC1c1ccc2c(c1)OCCCO2,Z119443502
9,O=C1NC2(CCOc3ccccc32)C(=O)N1CC(=O)N1CCCC1c1ccc2c(c1)OCCO2,Z16336851
9,Cc1cccc(NC(=O)N2CCCC(C(=O)N3CCCC3c3ccc4c(c3)OCCO4)C2)c1,Z595663878
9,O=C(c1ccc(-c2ccccc2F)o1)N1CCCC1c1ccc2c(c1)OCCCO2,Z70810598
9,CC1(c2cc3ccccc3o2)NC(=O)N(CC(=O)N2CCCC2c2ccc3c(c2)OCCO3)C1=O,Z152015334
9,O=C(CN1CCCC1c1ccc2c(c1)OCCCO2)Nc1ccccc1Cc1ccccc1,Z65195872
9,O=C(c1nn(-c2ccccc2)c(=O)c2ccccc12)N1CCCC1c1ccc2c(c1)OCCO2,Z28945856
9,FC(F)(F)c1cccc(C2Oc3ccccc3C3CC(c4ccc5c(c4)OCCO5)=NN32)c1,Z56822324
9,O=C(NC(CC(=O)N1CCCC1c1ccc2c(c1)OCCCO2)c1ccccc1)c1ccccc1,Z70809179
9,O=C(c1ccc(F)cc1F)N1CCC(C(=O)N2CCCC2c2ccc3c(c2)OCCCO3)CC1,Z82264690
9,CN(c1ccccc1)S(=O)(=O)c1cccc(C(=O)N2CCCC2c2ccc3c(c2)OCCO3)c1,Z28946185
9,CC1(c2ccccc2)NC(=O)N(NC(=O)CN2CCCC2c2ccc3c(c2)OCCO3)C1=O,Z105893472
9,O=C(c1cn(Cc2ccccc2)nc1-c1cccnc1)N1CCCC1c1ccc2c(c1)OCCO2,Z28945459
9,O=C(Cn1cnc2sc(-c3ccccc3)cc2c1=O)N1CCCC1c1ccc2c(c1)OCCO2,Z66488961
9,O=C(CCc1nc2c(cnn2-c2ccccc2)c(=O)[nH]1)N1CCCC1c1ccc2c(c1)OCCCO2,Z140090268
9,CC1(c2ccc3ccccc3c2)NC(=O)N(CC(=O)N2CCCC2c2ccc3c(c2)OCCCO3)C1=O,Z65774630
9,O=C(CN1CCCC1c1ccc2c(c1)OCCO2)N1CCCC1c1ccc2c(c1)OCCCO2,Z65153697
9,O=C(Cn1cnc2ccc(Cl)cc2c1=O)N1CCCC1c1ccc2c(c1)OCCO2,Z51437790
9,O=C(CN1CCCC1c1ccc2c(c1)OCCO2)N1CCCC2CCCCC21,Z103861236
9,O=C(CCc1ccc(-c2ccccc2F)o1)N1CCCC1c1ccc2c(c1)OCCO2,Z119269286
9,O=C(CN1CCCC1c1ccc2c(c1)OCCO2)Nc1ccccc1Cc1ccccc1,Z46514489
10,O=C(c1cccc(Nc2nc(-c3ccccc3)c3cc(Br)ccc3n2)c1)N1CCN(c2cccc(Cl)c2)CC1,Z2238830196
10,O=C(c1ccc2noc(-c3ccccc3)c2c1)N1CCN(Cc2ccc3c(c2)CCO3)CC1,Z102669950
10,O=C(c1ccc2ccccc2c1)N1CCN(C(=O)C2CCCN2C(=O)c2ccccc2)CC1,Z312342204
10,O=C(Nc1ccccc1)C1CCN(C(=O)c2ccc3noc(-c4ccccc4)c3c2)CC1,Z96031583
10,O=C(OCc1cc(=O)oc2cc3c(cc12)CCC3)C1CCN(C(=O)c2ccc(Cl)cc2)CC1,Z24909357
10,Cc1ccc2nc3c(c(C(=O)N4CCN(Cc5ccc6c(c5)OCO6)CC4)c2c1)CCCC3,Z30922547
10,O=C(c1ccc2noc(-c3ccccc3)c2c1)N1CCN(Cc2ccc3c(c2)OCO3)CC1,Z90740603
10,O=C1OC(c2ccccc2)Cc2cc(C(=O)N3CCN(c4ccc(F)cc4)CC3)ccc21,Z79518850
10,O=C(c1ccc2c(c1)OCCO2)c1ccccc1C(=O)N1CCN(c2cccc(Cl)c2)CC1,Z30882494
10,O=C(c1ccc2c(c1)OCO2)N1CCN(C(=O)c2ccccc2-c2ncc(-c3ccccc3)o2)CC1,Z295568380
10,O=C(c1ccc2noc(-c3ccccc3)c2c1)N1CCCc2ccccc21,Z90704645
10,O=C1OC(c2ccccc2)Cc2cc(C(=O)N3CCN(Cc4ccccc4F)CC3)ccc21,Z71021083
10,O=C(c1ccc2noc(-c3ccccc3)c2c1)N1CCC(C(=O)N2CCCCCC2)CC1,Z102621114
10,O=C1OC(c2ccccc2)Cc2cc(C(=O)N3CCN(c4ncccn4)CC3)ccc21,Z79621128
10,O=C(c1ccc2c(c1)OCCO2)c1ccccc1C(=O)N1CCc2ccccc2C1,Z27715880
10,O=C(c1ccccc1)N1CCN(CC(=O)N2c3ccccc3OCC2c2ccccc2)CC1,Z65128066
10,O=C(c1ccc2noc(-c3ccccc3)c2c1)N1CC=C(c2ccccc2)CC1,Z101243184
10,CC(=O)N1CCc2cc(C(=O)N3CCN(C(c4ccccc4)c4ccccc4)CC3)ccc21,Z168247872
10,Cc1ccc(-c2cnc(-c3ccccc3C(=O)N3CCC(NC(=O)c4ccccc4)CC3)o2)cc1,Z216995822
10,Cc1ccc(-c2cnc(-c3ccccc3C(=O)N3CCN(c4ncccn4)CC3)o2)cc1,Z108851908
10,O=C1OC(c2ccccc2)Cc2cc(C(=O)N3CCC(C(=O)N4CCCCCC4)CC3)ccc21,Z146271102
10,O=C(c1ccccc1)N1CCN(c2ncnc3c2oc2ccccc23)CC1,Z31161461
10,O=C(c1ccc(Cl)cc1)N1CCC(C(=O)N2CCCC2c2nc3ccccc3s2)CC1,Z26570081
10,O=C1OC(c2ccccc2)Cc2cc(C(=O)N3CCCSc4ccccc43)ccc21,Z67117242
10,Cc1ccc(Cl)cc1N1CCN(C(=O)c2cccc(-c3ccc(O)cc3)c2)CC1,Z33604798
10,O=C(c1ccc2noc(-c3ccccc3)c2c1)N1CCc2ccccc21,Z90729285
10,O=C(c1cccc(Nc2nc(-c3ccccc3)c3cc(Cl)ccc3n2)c1)N1CCN(c2ccccc2Cl)CC1,Z1540085909
10,O=C1OC(c2ccccc2)Cc2cc(C(=O)N3CCN(Cc4ccc5c(c4)OCO5)CC3)ccc21,Z79564417
10,O=C(CN1CCN(C(=O)c2ccc3noc(-c4ccccc4)c3c2)CC1)Nc1ccccc1Cl,Z91049952
10,O=C1OC(c2ccccc2)Cc2cc(C(=O)N3CCN(c4ccccc4O)CC3)ccc21,Z144551634
10,O=C(c1ccccc1-c1ncc(-c2ccccc2)o1)N1CCC(C(=O)N2CCCCCC2)CC1,Z146271892
10,O=C(CN1CCN(C(=O)c2ccc3noc(-c4ccccc4)c3c2)CC1)N1CCCCCC1,Z146246870
10,O=C(c1ccccc1-c1ncc(-c2ccccc2)o1)N1CCC(C(=O)N2CCOCC2)CC1,Z145409272
10,O=C(c1ccc(Cl)cc1)N1CCC(C(=O)N2c3ccccc3SCC2c2ccccc2)CC1,Z137301534
10,O=C(c1ccccc1)N1CCN(C(=O)c2ccc3noc(-c4ccccc4)c3c2)CC1,Z90927429
10,O=C(Nc1cccc(N2CCCC2=O)c1)c1ccc2noc(-c3ccccc3)c2c1,Z95983768
10,O=C(c1ccc2[nH]c3c(c2c1)CCCC3)N1CCN(Cc2ccc3c(c2)OCO3)CC1,Z30922316
10,O=C1OC(c2ccccc2)Cc2cc(C(=O)N3CCN(S(=O)(=O)Cc4ccccc4)CC3)ccc21,Z67051408
10,O=C(c1cc2ccccc2oc1=O)N1CCN(Cc2ccc(-c3ccccc3)s2)CC1,Z336918000
11,O=C(c1cc(-c2ccc(F)cc2)nc2ccccc12)N1CCN(Cc2cc(=O)n3ccccc3n2)CC1,Z295693072
11,O=C(c1cc(-c2ccc(F)cc2)nc2ccccc12)N1CCN(Cc2nc3ccccc3c(=O)[nH]2)CC1,Z212115362
11,O=C(c1cc(-c2ccccn2)nc2ccccc12)N1CCC(c2c[nH]c3ccccc23)CC1,Z220348478
11,O=C(c1ccccc1)C1CCN(C(=O)c2cc(-c3ccc(F)cc3)nc3ccccc23)CC1,Z221509506
11,Cc1ccc(-c2cc(C(=O)N3CCN(c4ccccn4)CC3)c3ccccc3n2)cc1,Z26735997
11,Cc1ccc(-c2cc(C(=O)N3CCN(c4ccc(O)cc4)CC3)c3ccccc3n2)cc1,Z28270027
11,O=C(c1cc(-c2ccc(Cl)cc2)nc2ccccc12)N1CCN(Cc2ccccc2)CC1,Z27763898
11,O=C(Nc1ccccc1)C1CCN(C(=O)c2cc(-c3ccc(F)cc3)nc3ccccc23)CC1,Z96028719
11,O=C(Nc1ccccc1)C1CCN(C(=O)c2cc(-c3ccc(O)cc3)nc3ccccc23)CC1,Z137171836
11,O=C(c1cc(-c2ccc(Cl)cc2)nc2ccccc12)N1CCN(c2ccccn2)CC1,Z26735831
11,Cc1ccc(-c2cc(C(=O)N3CCN(c4ncccn4)CC3)c3ccccc3n2)cc1,Z26445395
11,O=C(Nc1ccccc1)C1CCN(C(=O)c2cc(-c3ccccc3)nc3ccccc23)CC1,Z96028440
11,Cc1ccc(-c2cc(C(=O)N3CCN(c4ccccc4O)CC3)c3ccccc3n2)cc1,Z30879667
11,Cc1ccc2nc(-c3ccccc3)cc(C(=O)N3CCC(C(=O)Nc4ccccc4)CC3)c2c1,Z96030051
11,Cc1ccc(-c2cc(C(=O)N3CCN(Cc4nc5ccccc5s4)CC3)c3ccccc3n2)cc1,Z28583171
11,O=C(CN1CCCN(C(=O)c2cc(-c3ccc(Cl)cc3)nc3ccccc23)CC1)N1CCCC1,Z317193950
11,Cc1noc2nc(-c3ccccc3)cc(C(=O)N3CCN(C(=O)c4ccc(F)cc4)CC3)c12,Z318138652
11,O=C(Nc1ccccc1)C1CCN(C(=O)c2cc(-c3ccccc3Cl)nc3ccccc23)CC1,Z96028596
11,O=C(CN1CCN(C(=O)c2cc(-c3ccc(Cl)cc3)nc3ccccc23)CC1)N1CCCC1,Z67740061
11,O=C(c1cc(-c2ccccc2Cl)nc2ccccc12)N1CCC(C(=O)N2CCCCCC2)CC1,Z99494856
11,Cc1cc(C(=O)N2CCN(C(c3ccc(F)cc3)c3ccc(F)cc3)CC2)c2ccccc2n1,Z95693690
11,O=C(c1ccccc1)N1CCN(C(=O)c2cc(-c3ccccn3)nc3ccccc23)CC1,Z26979942
11,O=C(c1cc(-c2ccc(F)cc2)nc2ccccc12)N1CCC(C(=O)N2CCCCCC2)CC1,Z99494881
11,O=C(CN1CCN(C(=O)c2cc(-c3ccc(F)cc3)nc3ccccc23)CC1)N1CCCCC1,Z145136306
11,Cc1ccc(-c2cc(C(=O)N3CCN(C(=O)c4ccco4)CC3)c3ccccc3n2)cc1,Z30622602
11,Cc1ccc(-c2cc(C(=O)N3CCN(Cc4ccncc4)CC3)c3ccccc3n2)cc1,Z70806128
11,O=C(c1cc(-c2ccc(F)cc2)nc2ccccc12)N1CCC(NS(=O)(=O)c2cccs2)CC1,Z212116604
11,O=C(c1cc(-c2ccccc2)nc2ccccc12)N1CCC(O)(C(F)(F)F)C1,Z1255532310
11,O=C(c1cc(-c2ccccc2)nc2ccccc12)N1CCN(S(=O)(=O)c2ccccc2F)CC1,Z29532980
11,O=C(NCc1ccc(C(=O)N2CCCC2)cc1)c1cc(-c2ccc(F)cc2)nc2ccccc12,Z241387818
11,Cc1noc2nc(-c3ccccc3)cc(C(=O)N3CCN(Cc4cccc(Cl)c4)CC3)c12,Z219809214
11,O=C(NCc1ccc(C(=O)N2CCOCC2)cc1)c1cc(-c2ccc(F)cc2)nc2ccccc12,Z241407662
11,CC(=O)c1ccc(N2CCN(C(=O)c3cc(-c4ccc(Cl)cc4)nc4ccccc34)CC2)cc1,Z29832409
11,Cc1ccc(-c2cc(C(=O)N3CCC(C(N)=O)CC3)c3ccccc3n2)cc1,Z30900246
11,Cc1nn(C(=O)c2cc(-c3ccc(Cl)cc3)nc3ccccc23)c(C)c1Sc1ccccc1,Z56831187
11,Cc1ccc2nc(-c3ccccc3)cc(C(=O)N3CCC(C(=O)N4CCOCC4)CC3)c2c1,Z29121946
11,Cc1noc2nc(-c3ccccc3)cc(C(=O)N3CCN(Cc4ccc5c(c4)CCO5)CC3)c12,Z219849062
11,O=C(c1cc(-c2ccco2)nc2ccccc12)N1CCN(c2nnnn2-c2ccccc2)CC1,Z395853496
11,O=C(c1ccccc1)N1CCN(C(=O)c2cc(-c3ccncc3)nc3ccccc23)CC1,Z26979889
11,O=C(c1cc(-c2ccc(Cl)cc2)nc2ccccc12)N1CCN(c2ncnc3sccc23)CC1,Z295685666
11,O=C(c1cc(-c2ccc(Br)cc2)nc2ccccc12)N1CCN(c2ccccn2)CC1,Z26736126
12,O=C(Nc1ccccc1Cc1ccccc1)N1CCc2[nH]c3ccccc3c2C1,Z410132792
12,Cc1ccc(N2C(=O)C(=CNc3nc4c(s3)COc3ccccc3-4)c3ccccc3C2=O)cc1,Z31305710
12,Fc1ccc(C2Oc3ccccc3C3CC(c4ccc(-c5ccccc5)cc4)=NN32)cc1,Z56765649
12,Cc1cccc2c1nc(SCC(=O)N1N=C(c3ccccc3)CC1c1ccccc1)n1nc(-c3ccccc3)c(=O)nc21,Z1930984165
12,Cc1ccc(N2C(=O)C3N=NN(CC(=O)N4N=C(c5ccccc5)CC4c4ccccc4)C3C2=O)cc1,Z275123978
12,O=C1C(=CNN2C(=O)c3ccccc3C2=O)c2ccccc2C(=O)N1Cc1ccccc1,Z31272997
12,O=C(Nc1ccccc1Cc1ccccc1)c1ccc2c(c1)CC(c1ccccc1)OC2=O,Z79610521
12,O=C(Cn1c(=O)c(=O)n(Cc2ccccc2)c2ccc(Cl)cc21)N1CCc2ccccc2C1,Z15931962
12,O=C(C1CN(C(=O)c2ccc(-c3ccccc3F)o2)c2ccccc2O1)N1CCCCC1,Z109824056
12,O=C(Nc1cc(Cl)ccc1Oc1ccccc1)C1CCN(c2ccc3nnnn3n2)CC1,Z286492096
12,O=C(c1ccc(-c2ccccc2F)o1)N1CCC(n2c(=O)[nH]c3ccccc32)CC1,Z131405226
12,O=C(Nc1ccccc1Cc1ccccc1)c1ccc(-n2cnc3ccccc3c2=O)cc1,Z79610556
12,O=C(Cn1c(=O)oc2cc(Cl)ccc21)N1c2ccccc2OCC1c1ccccc1,Z98997701
12,O=C1NC2(Oc3ccccc3C3CC(c4ccccc4)=NN32)SC1=Cc1ccccc1F,Z220549208
12,O=C(Nc1ccccc1Cc1ccccc1)c1ccc2c(=O)n3c(nc2c1)CCCCC3,Z26762092
12,O=C(C1CN(C(=O)CCc2ccc(-c3ccccc3F)o2)c2ccccc2O1)N1CCOCC1,Z119684734
12,O=C(Cn1cnc2cc(F)ccc2c1=O)N1c2ccccc2OCC1c1ccccc1,Z152417898
12,O=C1C(=Cc2cccc3cccnc23)c2ccccc2C(=O)N1Cc1ccc2c(c1)OCO2,Z237753186
12,O=C(COC(=O)c1c2c(nc3ccccc13)CCN(Cc1ccccc1)C2)Nc1ncc(Cl)cc1Cl,Z56891431
12,Cc1ccc2nc(-c3ccccc3)c(NC(=O)C3CCN(C4=NS(=O)(=O)c5ccccc54)CC3)n2c1,Z70998029
12,O=C(NCc1cn(Cc2ccccc2)nc1-c1ccccc1)c1ccc2c(=O)n3c(nc2c1)CCC3,Z230128842
12,O=C(Cn1nc(-c2ccccc2)ccc1=O)N1CCc2[nH]c3ccc(Cl)cc3c2C1,Z749630314
12,O=C(Cn1c2ccccc2c(=O)c2ccccc21)N1CCCC1Cc1ccccc1,Z240753938
12,O=C(NC(Cc1c[nH]c2ccccc12)C(=O)N1CC=C(c2ccccc2)CC1)c1ccccc1Cl,Z29699881
12,O=C(Nc1ccccc1Cc1ccccc1)N1CCc2ccccc2C1,Z410134744
12,O=C(NNC=C1C(=O)N(Cc2ccc3c(c2)OCO3)C(=O)c2ccccc21)c1cc2c(s1)CCCC2,Z31304825
12,O=C(C1CCCN(C2=NS(=O)(=O)c3ccccc32)C1)N(Cc1ccc2c(c1)OCO2)C1CCCC1,Z98630868
12,Cc1ccc(CN2CCCN(C(=O)Cn3c4ccccc4c(=O)c4ccccc43)CC2)cc1,Z247096294
12,Fc1ccccc1-c1nnc2ccc(NCC3(c4ccccc4)CC3)nn12,Z815736862
12,O=C(CN1CCN(C(=O)c2cccc3ccccc23)CC1)Nc1ccccc1Cc1ccccc1,Z316384350
12,O=C(Nc1ccccc1Cc1ccccc1)N1CCN(C(=O)c2ccccc2)CC1,Z410131574
12,Nc1c(C(=O)NCc2ccc3c(c2)OCO3)c2nc3ccccc3nc2n1-c1ccc2c(c1)OCO2,Z56872841
12,O=C(CCN1c2ccccc2Sc2ccccc21)Nc1ccccc1Cc1ccccc1,Z26763797
12,O=C(c1cn(Cc2ccccc2)c2ccccc12)N1CCC(C(=O)N2CCCCC2)CC1,Z145408256
12,NC(=O)C1Cc2ccccc2CN1C(=O)Cn1c(-c2ccccc2)cc2ccccc21,Z73431397
12,O=C(CN(Cc1ccc2c(c1)OCO2)C1CCCC1)N1CC=C(c2c[nH]c3ccccc23)CC1,Z268568390
12,O=C(NCC1CC12CCc1ccccc12)c1n[nH]c(=O)c2ccccc12,Z1391443341
12,O=C(Nc1ccccc1C(=O)NC1CCCC1)c1ccc2c(c1)S(=O)(=O)N=C1CCCCCN12,Z28086262
12,Fc1ccccc1-c1nnc2ccc(NCc3ccccc3CN3CCCCC3)nn12,Z815727440
12,Fc1ccccc1C1Oc2ccccc2C2CC(c3ccc(-c4ccccc4)cc3)=NN21,Z56764284
12,Fc1ccc(C2Oc3ccccc3C3CC(c4ccc(Cl)cc4)=NN32)cc1F,Z56868233
12,O=C(CNC(c1ccccc1)c1ccccc1)N1c2ccccc2NC(=O)C12CCCC2,Z195570810
12,O=C(Nc1ccc(-c2ccccc2)cc1)[C@H](Cc1ccccc1)N1C(=O)c2ccccc2C1=O,Z85934839
12,O=C(NCc1ccccc1)c1c2c(nc3ccccc13)CCN(Cc1ccccc1)C2,Z27749777
12,O=C(NC(Cc1ccccc1)c1nc2ccccc2[nH]1)C1CC(=O)N(c2ccc3c(c2)OCCO3)C1,Z29582968
12,O=C(NC(Cc1ccccc1)C(=O)N1CC=C(c2c[nH]c3ccccc23)CC1)c1ccccc1,Z231245762
12,O=C(Nc1ccccc1Cc1ccccc1)N1CCCC(c2nc3ccccc3[nH]2)C1,Z410132684
12,O=C(C1CC(=O)N(c2cccc(C(F)(F)F)c2)C1)N1CCc2[nH]c3ccccc3c2C1,Z225656254
12,O=C(NOCC(=O)N1N=C2C(=Cc3ccccc3)CCCC2C1c1ccccc1)c1ccccc1,Z25686808
12,O=C(CCC(=O)N1CCC(n2c(=O)[nH]c3ccccc32)CC1)c1ccc2ccccc2c1,Z136723182
12,O=C(NC(Cc1ccccc1)C(=O)N1CCC(n2c(=O)[nH]c3ccccc32)CC1)c1ccccc1,Z126938764
12,O=C1CC(N2CCN=C2C2=C(O)C(=Cc3ccccc3)CC2)C(=O)N1c1cccc(F)c1,Z104442498
12,CC(=O)N1CCC(C(=O)N[C@@H](Cc2ccccc2)c2nc3ccccc3[nH]2)(c2ccccc2)CC1,Z99370934
12,O=C(NNC(=O)c1ccccc1Cc1ccccc1)c1ccc(COc2cccc3cccnc23)cc1,Z27144142
12,O=C(Nc1ccccc1Cc1ccccc1)N1CCC2CCCCC2C1,Z410133870
12,O=C(C1CN(C(=O)Cn2nc(-c3ccccc3)oc2=O)c2ccccc2O1)N1CCCCC1,Z117654164
12,O=C(Cn1nnc(-c2cccc(C(F)(F)F)c2)n1)NC1(c2ccc3c(c2)OCCO3)CCCC1,Z193683946
12,O=C(C1CN(C(=O)Cc2csc(-c3ccccc3Cl)n2)c2ccccc2O1)N1CCCCC1,Z109823698
12,O=C(OCC(=O)N1c2ccccc2OCC1c1ccccc1)c1n[nH]c(=O)c2ccccc12,Z91830692
12,O=C(Cn1nnc2ccccc2c1=O)N1c2ccccc2OCC1c1ccccc1,Z65908878
12,O=C(NN=C1C(=O)c2cccc3cccc1c23)c1ccc(Cn2nnc(-c3ccccc3)n2)cc1,Z44865113
12,O=C(Cn1nnc(-c2ccccc2)n1)NN=C1c2ccccc2-c2ccccc21,Z44843019
12,O=C(CN1C(=O)NC(Cc2ccccc2)(Cc2ccccc2)C1=O)N1CCc2ccccc2C1,Z14259402
12,O=C(c1ccccc1)C1CCN(C2c3ccccc3-c3ccccc32)CC1,Z646019388
12,CC1Cc2ccccc2N1S(=O)(=O)c1cccc(C(=O)N[C@@H](Cc2ccccc2)c2nc3ccccc3[nH]2)c1,Z56900711
12,O=C(COc1ccccc1-c1ccccc1)N1CCCC1c1nc2ccccc2[nH]1,Z167697842
12,O=C(Cn1c(=O)c(=O)n(Cc2ccccc2)c2ccc(Cl)cc21)Nc1ccc2c(c1)CCC2,Z15931356
12,O=C(c1cc2ccccc2o1)N1Cc2cc3c(cc2C2(CCCC2)C1)OCCO3,Z221511900
12,O=C(CCc1nnc2n(Cc3ccccc3)c(=O)c3ccccc3n12)N1CCN(c2cccc(Cl)c2)CC1,Z1169067694
12,Fc1ccccc1-c1nnc2ccc(NC3CCc4ccccc43)nn12,Z815729884
12,O=C(Cn1nc(-c2ccccc2)ccc1=O)N1CC=C(c2c[nH]c3ncccc23)CC1,Z642031594
12,O=C(c1ccccc1)C1CCN(C(=O)Nc2ccccc2Cc2ccccc2)CC1,Z410131318
12,O=C(CCc1ccc(-c2ccccc2F)o1)N1CCC(c2nc3ccccc3s2)CC1,Z119229770
12,O=C(Cc1ccc2c(c1)CCC2)N1CCC(n2c(=O)[nH]c3ccccc32)CC1,Z126939340
12,O=C(NC(Cc1c[nH]c2ccccc12)C(=O)NC1CCN(Cc2ccccc2)C1)c1ccc(F)cc1,Z246734310
12,O=C(COC(=O)C1CCCCC1C(=O)N1CCc2ccccc21)Nc1ccccc1-c1ccccc1,Z15469324
12,O=C(Nc1ccccc1Oc1ccccc1)N1CCC(c2nnc3ccccn23)CC1,Z410177562
12,O=C(c1ccccc1Nc1cccc(C(F)(F)F)c1)N1CCCC(c2nnc3n2CCCCC3)C1,Z223087658
12,O=C1CCc2cc(NC(=O)N3CCCC3Cc3cccc(F)c3)ccc2N1,Z595072320
12,O=C1C(=CNc2ccc(Cl)cc2Cl)c2ccccc2C(=O)N1Cc1ccc2c(c1)OCO2,Z31275675
12,O=C(Nc1ccccc1O)C1CCN(C(C(=O)c2c[nH]c3ccccc23)c2ccccc2)CC1,Z132779072
12,NC(=O)c1c(NC(=O)c2ccccc2-c2ccccc2)sc2c1CCCC2,Z27356998
12,O=C(C1CC(=O)N(c2ccccc2F)C1)N1CCC(c2nc3ccccc3s2)CC1,Z51834328
12,O=C(O)c1ccc(S(=O)(=O)N2CCN(C(=O)OCC3c4ccccc4-c4ccccc43)CC2)o1,Z2327028460
12,O=C1CC(c2nc3ccccc3n2CCOc2ccccc2Cl)CN1c1cccc(C(F)(F)F)c1,Z57496795
12,O=C(NN=C1CCC(c2ccccc2)CC1)c1cccc(NN=C2CCC(c3ccccc3)CC2)c1,Z44831595
12,O=C(Cc1coc2cc3c(cc12)CCC3)N[C@@H](Cc1ccccc1)c1nc2ccccc2[nH]1,Z56987932
12,O=C(COC(=O)c1ccc2c(=O)n3c(nc2c1)CCC3)Nc1ccccc1Cc1ccccc1,Z25290420
12,O=C(N[C@@H](Cc1ccccc1)c1nc2ccccc2[nH]1)c1ccc(Cl)c(S(=O)(=O)N2CCc3ccccc32)c1,Z89284041
12,O=C(CSc1nc2nn(-c3ccccc3)c(=O)c-2c2n1CCCCC2)N1CCC(c2ccccc2)=N1,Z18615681
12,O=C(CSc1nnc2n(Cc3ccccc3)c(=O)c3ccccc3n12)N1CCc2ccccc21,Z17500925
12,O=C(Cc1ccc(-c2ccccc2)cc1)N1CCC(C(=O)N2CCc3ccccc3C2)CC1,Z312632730
12,O=C(CCc1nnc2n(CCc3ccccc3)c(=O)c3ccccc3n12)N1CCN(c2ccccc2F)CC1,Z1157726339
12,O=C(Cn1c(=O)n2nc(-c3ccccc3)c(=O)nc2c2ccccc21)N1CCN(c2ccccc2F)CC1,Z1650187729
12,Cc1ccc(-c2nn(Cc3ccccc3)cc2C2NC(=O)c3ccccc3N2)cc1,Z94792468
12,O=C(Nc1ccccc1Cc1ccccc1)c1ccc2c(c1)C(=O)N(Cc1ccncc1)C2=O,Z26762113
12,O=C(Cn1nc(-c2ccccc2F)ccc1=O)Nc1ccccc1-c1ccccc1,Z1066386926
12,O=C(Cc1ccc2c(c1)CCC2)Nc1cccc(-c2nnc3n2CCCCC3)c1,Z51992553
12,Cc1nn(CC(=O)N2Cc3ccccc3C(c3ccccc3)C2)c(=O)c2ccccc12,Z289555376
12,O=C(CSc1nc2ccccc2c(=O)n1C1CCCC1)Nc1ccccc1-c1ccccc1,Z24531066
12,O=C(NC(CC(=O)N1CCC(n2c(=O)[nH]c3ccccc32)CC1)c1ccccc1)c1ccccc1,Z131401160
12,O=C(Cc1ccc2ccccc2c1)Nc1cccc(-c2nnc3n2CCCCC3)c1,Z30414008
12,O=C(Nc1ccccc1Cc1ccccc1)c1cnc2c(c1)c(=O)[nH]c(=O)n2C1CC1,Z283917434
12,O=C(Nc1c(-c2ccccc2)nc2ccccn12)c1cnc2c(cnn2Cc2ccccc2)c1,Z238043424
12,O=C(Cn1[nH]c(=O)c2ccccc2c1=O)N1CCCC1Cc1ccccc1,Z240498480
12,O=C(CCN1c2ccccc2Sc2ccccc21)Nc1ccccc1-c1nc2ccccc2[nH]1,Z30822612
12,O=C(CCc1ccc(-c2ccccc2)o1)N1CCN(c2ccnc3cc(Cl)ccc23)CC1,Z285125220
12,O=C(Nc1ccccc1Cc1ccccc1)NC1CCN(C(=O)c2ccccc2)CC1,Z410132974
12,O=C(C1=CN2CCS(=O)(=O)N=C2C=C1)N1CCN(C(c2ccccc2)c2ccccc2)CC1,Z71188916
12,Clc1ccc(C2Oc3ccccc3C3CC(c4ccccc4)=NN32)cc1Cl,Z56813217
12,O=C(C=Cc1cccc2cccnc12)Nc1ccccc1Cc1ccccc1,Z235422314
12,O=C(c1ccc(-c2ccccc2Cl)o1)N1CCN(C(=O)C2COc3ccccc3O2)CC1,Z67295572
12,O=C(c1ccccc1-c1ccc(C(F)(F)F)cc1)N1CCC(c2nnc3ccccn23)CC1,Z95869634
12,O=C(Nc1ccccc1C(=O)NCc1ccc2c(c1)OCO2)C1=NN(c2ccccc2)C(=O)CC1,Z29967201
12,O=C1C(=CNC2CCCc3ccccc32)c2ccccc2C(=O)N1Cc1ccccc1,Z31283337
12,O=C(NC1CCN(C(=O)Nc2ccccc2Cc2ccccc2)CC1)c1ccccc1,Z410132812
12,O=C(Nc1ccccc1Cc1ccccc1)C1CN(C(=O)c2ccc(F)cc2)CCS1,Z88304502
12,O=C(C=Cc1cc(F)cc2c1OCOC2)Nc1ccccc1Cc1ccccc1,Z164750932
12,Cc1ccc(-n2c(SCC(=O)N3CCCc4ccccc43)nc3ccccc3c2=O)cc1,Z19058461
12,Cc1ccc(C(NC(=O)CCC(=O)N2CC(=O)Nc3ccccc32)c2ccccc2)cc1,Z51874234
12,Clc1ccc(C2Oc3ccccc3C3CC(c4ccccc4)=NN32)c(Cl)c1,Z56758149
12,O=C(CC1CCCC1)N1CCN(C(=O)Nc2ccccc2Cc2ccccc2)CC1,Z410132252
12,O=C(Cn1c(-c2ccccc2)cc2ccccc21)N1CCC(C(=O)N2CCCCCC2)CC1,Z102617256
12,O=C(Cn1nnc2ccccc21)NN=C1CC(c2ccccc2)Oc2ccccc21,Z56842438
12,O=C(NC(Cc1c[nH]c2ccccc12)C(=O)Nn1cnc2ccccc21)c1ccccc1Cl,Z289925962
12,O=C(NCC(=O)N1CCC(C(=O)N2CCCCCC2)CC1)c1ccc(-c2ccccc2)cc1,Z102616768
12,Cc1cc2n(CC(=O)Nc3cccc(N4CCCC4=O)c3)c(=O)c3ccccc3n2n1,Z361001064
12,NC(=O)N1CCc2ccc(NC(=O)C3(Cc4cccc(F)c4)CCCCC3)cc21,Z2126254274
12,O=C(CN1C(=O)NC(Cc2ccccc2)(Cc2ccccc2)C1=O)N1CC=C(c2ccccc2)CC1,Z96627990
12,O=C(Nc1cc(-c2ccccc2)no1)C(Cc1ccccc1)N1C(=O)c2ccccc2C1=O,Z299647346
12,Cc1ccc(-c2c3c4n(c(COc5ccccc5)nn4c2C(=O)Nc2ccccc2)CCCC3)cc1,Z56912583
12,O=C(C=Cc1ccccc1)N1N=C(c2ccccc2)CC1c1cccc(F)c1,Z1544404928
12,Cc1ccc(Cn2c(=O)c3ccccc3n3c(CCC(=O)N4CCC(Cc5ccccc5)CC4)nnc23)cc1,Z1157726322
12,O=C(N[C@@H](Cc1ccccc1)c1nc2ccccc2[nH]1)C1CC(=O)N(c2ccc3c(c2)OCCO3)C1,Z56990343
12,O=C(CON=C1c2ccccc2-c2ccccc21)N(CCc1ccccc1)Cc1ccccc1,Z26143160
12,O=C(CCc1nnc2n(Cc3ccc(Cl)cc3)c(=O)c3ccccc3n12)N1CCN(Cc2ccccc2)CC1,Z1170274263
12,O=C(c1ccc(-c2ccccc2F)o1)N1CCN(Cc2ccc3c(c2)OCO3)CC1,Z59489419
12,O=C(c1nn(-c2ccccc2)c(=O)c2ccccc12)N1CCCC1c1nnc2ccccn12,Z131499614
12,O=C(Cn1cnc2c(cnn2-c2ccccc2)c1=O)c1ccc2c(c1)CCC2,Z73832436
12,O=C(Cc1coc2cc3c(cc12)CCC3)OCc1cc(F)cc2c1OC(c1ccccc1)OC2,Z25277617
12,O=C(CCc1nnc2n(CCc3ccccc3)c(=O)c3ccccc3n12)NCc1ccc2c(c1)OCO2,Z1165302419
12,Cc1ccc(C2=NN(C(=O)CN3C(=O)NC(Cc4c[nH]c5ccccc45)C3=O)C(c3ccco3)C2)cc1,Z16202883
12,Cc1cccc2[nH]cc(C3=CCN(C(=O)CC(NC(=O)c4ccccc4)c4ccccc4)CC3)c12,Z407971532
12,O=C(c1ccccc1-c1ncc(-c2ccccc2)o1)N1CCCC(c2nnc3ccccn23)C1,Z154285850
12,O=C1C(=O)N(Cc2cc(=O)oc3cc4c(cc23)CCC4)C(=O)N1Cc1ccccc1,Z19958204
12,O=C(Nc1cccc(N2CCCC2=O)c1)C1CC(=O)N(c2cccc3ccccc23)C1,Z95983303
12,Cc1ccc(Cn2c(=O)c3ccccc3n3c(CCC(=O)N4CCN(c5cccc(C(F)(F)F)c5)CC4)nnc23)cc1,Z1169067757
12,O=C(NCC(=O)N1CCN(C(c2ccccc2)c2ccccc2)CC1)c1ccccc1F,Z31481078
12,O=C(CCc1nc2cc(Cl)ccc2n(Cc2ccccc2)c1=O)N1CCc2ccccc2C1,Z31444193
12,Cc1ccc(-n2c(N)c(C(=O)NCCc3ccccc3F)c3nc4ccccc4nc32)cc1,Z56873007
12,O=C(c1ccccc1)c1ccc(OC(=O)C2CCN(C3=NS(=O)(=O)c4ccccc43)CC2)cc1,Z59408826
12,O=C(Cn1nc(-c2ccccc2F)ccc1=O)N1CCc2ccccc21,Z1066386500
12,O=C(COC(=O)c1c2c(nc3ccccc13)CCN(Cc1ccccc1)C2)Nc1c(F)cccc1F,Z55704575
12,O=C1C(=CNN(Cc2ccccc2)c2ccccc2)c2ccccc2C(=O)N1c1cccc(Cl)c1,Z31277373
12,O=C1NC(=Cc2ccc(-c3ccccc3F)o2)C(=O)N1c1cccc(Cl)c1,Z1722311554
12,O=C(Nc1ccccc1Cc1ccccc1)c1cc(=O)[nH]c2ccccc12,Z57040896
12,O=C(Cn1c2ccccc2c(=O)c2ccccc21)N1CCN(C(=O)c2ccccc2F)CC1,Z275857500
12,O=C(c1ccc(-c2ccccc2Cl)o1)N1CCC(n2c(=O)[nH]c3ccccc32)CC1,Z126939484
12,O=C(Nc1cc(Cl)ccc1Oc1ccccc1)C1CCN(C2=NS(=O)(=O)c3ccccc32)CC1,Z63243533
12,CC1(C(=O)Nc2ccccc2Cc2ccccc2)Cc2ccccc2C(=O)O1,Z51752027
12,O=C(Cn1c(COc2ccc(Cl)cc2)nc2ccccc21)Nc1ccccc1Cc1ccccc1,Z26762659
13,Nc1nn(C(=O)c2cc(S(=O)(=O)Nc3cccc(C(F)(F)F)c3)ccc2Cl)c2ccccc12,Z381337772
13,O=S(=O)(Nc1cccc(Cl)c1)c1ccc2oc(Nc3ccc4c(c3)Cc3ccccc3-4)nc2c1,Z55891649
13,O=C(NNS(=O)(=O)c1ccc2c(c1)CCCC2)c1ccc2c(=O)n3c(nc2c1)CCCCC3,Z45569759
13,O=S(=O)(Nc1cc(-c2nnc3n2CCCCC3)c(F)cc1F)c1ccc2ccccc2c1,Z278195478
13,O=C(c1cccc(S(=O)(=O)Nc2ccc(F)cc2)c1)N1CCc2[nH]c3ccccc3c2C1,Z225659654
13,O=C(c1cccc(S(=O)(=O)Nc2ccc(F)cc2)c1)N1CCC(c2nc3ccccc3s2)CC1,Z32478966
13,O=C(c1cc(S(=O)(=O)Nc2ccc(F)cc2)ccc1Cl)N1CCN(c2ccccc2F)CC1,Z31761835
13,O=C1NC(=O)c2ccccc2C1=CNc1cccc(S(=O)(=O)Nc2cccc(C(F)(F)F)c2)c1,Z165045054
13,O=C(c1cc(S(=O)(=O)Nc2cccc(C(F)(F)F)c2)ccc1Cl)N1CCc2ccccc2C1,Z31444266
13,Cc1ccc2nc(-c3ccc(NC(=O)c4cccc(S(=O)(=O)Nc5cccc(C(F)(F)F)c5)c4)cc3)sc2c1,Z56810513
13,O=C(Nc1ccc(S(=O)(=O)Nc2cccc(C(F)(F)F)c2)cc1)c1cc2ccccc2oc1=O,Z31753778
13,O=C(c1cccc(S(=O)(=O)Nc2cccc(C(F)(F)F)c2)c1)N1CCn2c1nc1ccccc12,Z333045400
13,O=C(c1cccc(S(=O)(=O)Nc2ccc3c(c2)OCO3)c1)N1CC=C(c2ccccc2)CC1,Z33602306
13,O=S(=O)(Nc1nc2ccccc2nc1Nc1cccc2ccccc12)c1ccc2c(c1)OCCO2,Z56894142
13,O=S(=O)(Nc1nc2ccccc2nc1Nc1ccc2cn[nH]c2c1)c1ccc2ccccc2c1,Z55701721
13,O=C(c1ccc(NS(=O)(=O)c2ccc3c(c2)OCCO3)cc1)N1CC=C(c2ccccc2)CC1,Z33603471
13,O=S(=O)(Nc1ccccc1-c1nnc2n1CCCCC2)c1ccc2ccccc2c1,Z237649288
13,O=C(Nc1ccc(F)c(S(=O)(=O)Nc2cccc(C(F)(F)F)c2)c1)c1cc2ccccc2o1,Z33249504
13,Cc1ccccc1C1CC(c2ccccc2NS(=O)(=O)c2ccccc2)=NN1C(=O)c1ccccc1,Z815263818
13,O=C(c1cccc(S(=O)(=O)Nc2ccc(Cl)cc2)c1)N1CCN(C(=O)N2CCCC2)CC1,Z238870806
13,O=C(Nc1ccc2c(c1)CCC2)c1cccc(S(=O)(=O)Nc2ccccc2-c2ccccc2)c1,Z33447416
13,O=C(NN=C1C(=O)c2cccc3cccc1c23)c1cccc(S(=O)(=O)Nc2cccc(Cl)c2)c1,Z44873715
13,O=S(=O)(Nc1cccc(-c2n[nH]c3c2CCC3)c1)C1=Cc2ccccc2CC1,Z425545720
13,O=C(c1cccc(S(=O)(=O)Nc2ccc(F)cc2)c1)N1CC=C(c2c[nH]c3ncccc23)CC1,Z298640460
13,Cc1ccc(NS(=O)(=O)c2cccc(C(=O)N3CC=C(c4c[nH]c5ccccc45)CC3)c2)cc1,Z211288002
14,O=C(C1=C2SC=C(c3ccccc3)N2CCCC1)c1cc(-c2ccccc2Cl)nc2ccccc12,Z56802551
14,O=C(NN=C1CC(c2ccccc2)Oc2ccccc21)c1cc(-c2ccc(F)cc2)nc2ccccc12,Z44889039
14,O=C(OCc1cc(=O)oc2ccc3ccccc3c12)c1cc(-c2ccccc2)nc2ccccc12,Z19675959
14,Cc1ccc(-c2cc(C(=O)NNC(=O)c3ccccc3Cc3ccccc3)c3ccccc3n2)cc1,Z27386109
14,O=C1c2ccccc2C(=O)c2c(NC(=O)c3cc(-c4ccccn4)nc4ccccc34)cccc21,Z56797631
14,Cc1ccc(-c2cc(C(=O)OCc3cn(-c4ccccc4)nc3-c3ccccc3)c3ccccc3n2)cc1,Z56969431
14,O=C(Nc1ccn(-c2ccccc2)n1)c1cc(-c2ccccc2)nc2ccccc12,Z56774570
14,O=C(Cn1c(=O)[nH]c(=O)c2ccccc21)NNC(=O)c1cc(-c2ccc(F)cc2)nc2ccccc12,Z225367234
14,O=C(Nc1ccc(-c2nnc3n2CCCCC3)cc1)c1cc(-c2ccccc2)nc2ccccc12,Z27146007
14,O=C1CN(C(=O)COC(=O)c2cc(-c3ccccc3Cl)nc3ccccc23)c2ccccc2N1,Z18702441
14,O=C(Nc1nc(-c2ccccn2)cs1)c1cc(-c2ccccc2)nc2ccc(Br)cc12,Z29466477
14,O=C(OCC(=O)N1CCCc2ccccc21)c1cc(-c2ccccc2Cl)nc2ccccc12,Z18703467
14,O=C(c1ccccc1)c1ccccc1NC(=O)c1cc(-c2ccc(F)cc2)nc2ccccc12,Z56811559
14,CC1CCc2nc3ccccc3c(C(=O)OCC(=O)Nc3ccccc3-c3ccccc3)c2C1,Z19178413
14,Nc1cccc2c1C(=O)N(C(=O)c1cc(-c3ccc(Cl)cc3)nc3ccccc13)C2=O,Z29245637
14,O=C(COC(=O)c1cc(-c2cccc3ccccc23)nc2ccccc12)Nc1cc(C(F)(F)F)ccc1N1CCOCC1,Z18816890
14,CCn1c2ccccc2c2cc(NC(=O)c3cc(-c4ccccc4)nc4ccccc34)ccc21,Z30593627
14,Cc1ccc2c(COC(=O)c3cc(-c4ccccc4Cl)nc4ccccc34)cc(=O)oc2c1,Z18702830
14,O=C(OCn1nnc2ccccc2c1=O)c1cc(-c2ccccc2Cl)nc2ccccc12,Z18703687
14,O=C(CN1C(=O)C2CC=CCC2C1=O)NNC(=O)c1cc(-c2ccccc2Cl)nc2ccccc12,Z33087323
14,O=C(OCC(=O)N1CCc2ccccc2C1)c1cc(-c2ccccc2)nc2ccccc12,Z19676506
14,O=C(Nc1ncnc2sc3c(c12)CCCC3)c1cc(-c2ccccc2)nc2ccccc12,Z56758276
14,O=C(Cc1n[nH]c(=O)c2ccccc12)Nc1cc(-c2ccccc2)nc2ccccc12,Z278037234
14,Cn1c(=O)c2ccccc2n2c(COC(=O)c3cc(-c4ccccc4)nc4ccccc34)nnc12,Z73653285
14,O=C(Nc1nc2c(F)c(F)c(F)cc2s1)c1cc(-c2ccccc2Cl)nc2ccccc12,Z27033352
14,O=C(NC1CCCc2ccccc21)c1cc(-c2ccccc2)nc2ccccc12,Z26397647
14,O=C(NNS(=O)(=O)c1ccc2ccccc2c1)c1cc(-c2ccccn2)nc2ccccc12,Z45700112
14,O=C(NNS(=O)(=O)c1cccc(Cl)c1)c1cc(-c2ccc(F)cc2)nc2ccccc12,Z45724229
14,Cc1ccc(-c2cc(C(=O)Nc3nc4c(F)c(F)c(F)cc4s3)c3ccccc3n2)cc1,Z27033395
14,O=C(NNC(=O)c1cc(-c2ccco2)nc2ccccc12)c1cc2ccccc2oc1=O,Z33410378
14,CC(OC(=O)c1cc(-c2ccccc2Cl)nc2ccccc12)c1nc2ccccc2c(=O)[nH]1,Z18703760
14,O=C(Cn1nc2n(c1=O)CCCCC2)NNC(=O)c1cc(-c2ccccc2Cl)nc2ccccc12,Z295832574
14,O=C(Nc1ccc2[nH]c(=O)c(=O)[nH]c2c1)c1cc(-c2ccccc2Cl)nc2ccccc12,Z193201342
14,O=C(NNC(=O)C1CCCN(c2ncccn2)C1)c1cc(-c2ccccc2Cl)nc2ccccc12,Z316153810
14,O=C(c1ccccc1)c1cc(Cl)ccc1NC(=O)c1cc(-c2ccccc2)nc2ccccc12,Z56892736
14,Cc1ccc(-c2cc(C(=O)OCc3ccc(-c4ccccc4)cc3)c3ccccc3n2)cc1,Z18796047
14,O=C(Nc1cccc2ccccc12)c1cc(-c2ccccc2)nc2ccccc12,Z28155803
14,O=C(CNC(=O)c1ccc2c(c1)OCO2)NNC(=O)c1cc(-c2ccc(F)cc2)nc2ccccc12,Z68467780
14,O=C(Nc1cccc(S(=O)(=O)NC2=NCCC2)c1)c1cc(-c2ccccc2)nc2ccccc12,Z27434416
14,O=C(OCc1nnc(-c2ccccc2)o1)c1cc(-c2ccccc2Cl)nc2ccccc12,Z18702602
14,O=C1CN(C(=O)COC(=O)c2cc(-c3ccc(F)cc3)nc3ccccc23)c2ccccc2N1,Z18726383
14,Cc1cccc(S(=O)(=O)NNC(=O)c2cc(-c3ccc(F)cc3)nc3ccccc23)c1,Z45724224
14,O=C(Nc1nc(-c2cccs2)cs1)c1cc(-c2ccccc2)nc2ccccc12,Z28307167
14,Cc1ccc(-c2cc(C(=O)OCC(=O)Nc3ncc(C(F)(F)F)cc3Cl)c3ccccc3n2)cc1,Z18795976
14,CC1(c2cccc(NC(=O)c3cc(-c4ccc(F)cc4)nc4ccccc34)c2)NC(=O)NC1=O,Z767056950
14,Cc1ccc(-c2cc(C(=O)Nc3ccn(-c4ccccc4)n3)c3ccccc3n2)cc1,Z56812024
14,CCn1c2ccccc2c2cc(NC(=O)COC(=O)c3cc(-c4ccccc4)nc4ccccc34)ccc21,Z19676500
14,CN(Cc1nc2ccccc2c(=O)[nH]1)C(=O)c1cc(-c2ccccc2)nc2ccccc12,Z30084800
14,O=C(OCn1nnc2ccccc2c1=O)c1cc(-c2ccccc2)nc2ccccc12,Z19676737
14,O=C(OCn1nnc2ccccc2c1=O)c1cc(-c2ccc(Cl)cc2)nc2ccccc12,Z18337366
14,O=C(Nc1ccccc1N1CCOCC1)c1cc(-c2ccc(F)cc2)nc2ccccc12,Z30483938
14,Cc1ccc(-c2cc(C(=O)OCn3nnc4ccccc4c3=O)c3ccccc3n2)cc1,Z18795999
14,COc1ccc(-c2cc(C(=O)Nc3ccccc3Cc3ccccc3)c3ccccc3n2)cc1,Z26763684
14,O=C(NCCc1nnc2n1CCCCC2)c1cc(-c2ccc(F)cc2)nc2ccccc12,Z220539810
14,O=C1COc2ccc(C(=O)COC(=O)c3cc(-c4ccccc4Cl)nc4ccccc34)cc2N1,Z18703696
14,O=C(NNS(=O)(=O)c1ccc2c(c1)OCCCO2)c1cc(-c2ccccc2)nc2ccccc12,Z45657244
14,O=C(Nc1ccccc1)c1ccccc1NC(=O)c1cc(-c2cccs2)nc2ccccc12,Z56945956
14,Nc1cccc2c1C(=O)N(C(=O)c1cc(-c3ccccc3Cl)nc3ccccc13)C2=O,Z29245756
14,O=C(Nc1ccc(-c2nnc3n2CCCCC3)cc1)c1cc(-c2ccncc2)nc2ccccc12,Z27146223
14,O=C(CN1C(=O)C2CC=CCC2C1=O)NNC(=O)c1cc(-c2cccnc2)nc2ccccc12,Z32705803
14,O=C(COC(=O)c1cc(-c2ccccc2Cl)nc2ccccc12)NNC(=O)c1ccccc1,Z18702443
14,O=C(NN=Cc1cn(-c2ccccc2)nc1-c1cc2ccccc2oc1=O)c1cc(-c2ccccn2)nc2ccccc12,Z49639347
14,O=C(OCc1nnnn1-c1ccccc1)c1cc(-c2ccc(F)cc2)nc2ccccc12,Z91885729
14,O=C(OCc1cc(=O)oc2ccc3ccccc3c12)c1cc(-c2ccc(Br)cc2)nc2ccccc12,Z19041696
14,O=C(NCc1nnc2ccc(C(F)(F)F)cn12)c1cc(-c2ccc(Cl)cc2)nc2ccccc12,Z154334638
14,O=C1CSc2ccc(C(=O)NNC(=O)c3cc(-c4ccccc4)nc4ccccc34)cc2N1,Z30242749
14,O=C(Nc1cccc2cccnc12)c1cc(-c2ccccc2)nc2ccccc12,Z28487280
14,Cc1ccc(-c2cc(C(=O)Oc3ccc(Oc4ccccc4)cc3)c3ccccc3n2)cc1,Z30908638
14,O=C(Nc1cccc(S(=O)(=O)NC2=NCCCCC2)c1)c1cc(-c2ccccc2)nc2ccccc12,Z56880972
14,O=C(COC(=O)c1cc(-c2ccccn2)nc2ccccc12)Nc1cccc2ccccc12,Z55704432
14,O=C(COC(=O)c1cc(-c2ccccn2)nc2ccccc12)Nc1ccc2ccccc2c1,Z55704466
14,Cc1cc(NC(=O)c2cc(-c3ccc(Cl)cc3)nc3ccccc23)n(-c2ccccn2)n1,Z56802924
14,Cc1cccc(NC(=O)c2cc(-c3ccc(F)cc3)nc3ccccc23)n1,Z59307806
14,Cc1ccc(CNC(=O)NNC(=O)c2cc(-c3ccccc3Cl)nc3ccccc23)cc1,Z299673350
15,O=C(C=Cc1cn(-c2ccccc2)nc1-c1ccc(F)cc1)N1CCCc2ccccc21,Z27693429
15,O=C(N=C1N=C2C=CC=CN2Cc2ccccc21)c1cn(-c2ccccc2)nc1-c1ccc(F)cc1,Z56787786
15,O=C(Cc1cn(-c2ccccc2)nc1-c1ccc(Cl)cc1)Nc1cccc(-c2nnc3n2CCC3)c1,Z283613772
15,O=C(c1cn(-c2ccccc2)nc1-c1ccccc1)N1CCCC(c2nnc3n2CCCCC3)C1,Z223087686
15,Cc1ccc(-c2nn(-c3ccccc3)cc2C2CC(c3ccc(F)cc3)=NN2c2ccccc2)o1,Z56820540
15,O=C(Cn1c2ccccc2c(=O)c2ccccc21)OCc1cn(-c2ccccc2)nc1-c1ccccc1,Z229543556
15,O=C(c1oc2ccccc2c1-c1cnn(-c2ccccc2)c1)N1CCc2ccccc21,Z283857012
15,O=C(N=C1N=C2C=CC=CN2Cc2ccccc21)c1cn(-c2ccccc2)nc1-c1cccs1,Z56787804
15,NC(=O)C1CN(C(=O)C=Cc2cn(-c3ccccc3)nc2-c2ccc(F)cc2)c2ccccc2O1,Z28777886
15,COc1cccc(-c2nn(-c3ccc(F)cc3)cc2C(=O)N2CCN(C(=O)N3CCCC3)CC2)c1,Z223829852
15,O=C1CC(c2cn(-c3ccccc3)nc2-c2ccccc2)c2cccc3cccc1c23,Z56893227
15,O=C1CN(C(=O)COC(=O)c2cn(-c3ccccc3)nc2-c2ccc(F)cc2)c2ccccc2N1,Z18959021
15,O=C(NN=C1CCS(=O)(=O)c2ccc(F)cc21)c1cn(-c2ccccc2)nc1-c1ccccc1,Z44837947
15,O=C(c1cn(-c2ccccc2)nc1-c1cccnc1)N1CCN(Cc2nc3ccccc3c(=O)[nH]2)CC1,Z212730746
15,N#CC(=Cc1cn(-c2ccccc2)nc1-c1ccccc1)c1nc2ccccc2c(=O)[nH]1,Z57789146
15,O=C(OCC(=O)N1CCc2ccccc2C1)c1cn(-c2ccccc2)nc1-c1ccc(F)cc1,Z18960036
15,O=C(C=Cc1cn(-c2ccccc2)nc1-c1cccnc1)Nc1cccc(N2CCCC2=O)c1,Z95981428
15,O=C(c1cn(-c2ccccc2)nc1-c1ccc(F)cc1)N1CCN(C(=O)C2CCS(=O)(=O)C2)CC1,Z164962800
15,O=C1Nc2ccccc2C1=Cc1cn(-c2ccccc2)nc1-c1ccccc1,Z44305905
15,O=C1NC2(CCc3ccccc32)C(=O)N1Cc1cn(-c2ccccc2)nc1-c1ccccc1,Z25742097
15,O=C1OC(c2ccccc2)=NC1=Cc1cn(-c2ccccc2)nc1-c1ccc(Cl)cc1,Z56812504
15,Nc1cccc2c1C(=O)N(C(=O)C=Cc1cn(-c3ccccc3)nc1-c1ccccc1)C2=O,Z29245873
15,NC(=O)C1Cc2ccccc2CN1C(=O)c1cn(-c2ccccc2)nc1-c1ccccc1,Z73431183
15,CC(=O)N1Cc2ccccc2CC1C(=O)NNC(=O)c1cn(-c2ccccc2)nc1-c1ccccc1,Z27122021
15,CN(Cc1cn(-c2ccccc2)nc1-c1ccccc1)C(=O)CNC1=NS(=O)(=O)c2ccccc21,Z71097555
15,CC1(C(=O)NCc2cn(Cc3ccccc3)nc2-c2ccccc2)Cc2ccccc2C(=O)O1,Z296613078
15,NC(=O)C1Cc2ccccc2CN1C(=O)C=Cc1cn(-c2ccccc2)nc1-c1ccccc1,Z73431169
15,O=C(Cc1cn(-c2ccccc2)nc1-c1ccc(Cl)cc1)N1CCN(c2ncccn2)CC1,Z99135316
15,O=C(C=Cc1cn(-c2ccccc2)nc1-c1ccc(F)cc1)N1CCCSC1=Nc1ccccc1,Z27871611
15,CN1C(=CC=NNC(=O)c2cn(-c3ccccc3)nc2-c2ccccc2)C(C)(C)c2ccccc21,Z44838075
15,O=C1NC(Cc2ccccc2)C(=O)N1Cc1cn(-c2ccccc2)nc1-c1ccccc1,Z25781721
15,O=C(Nc1ccccc1)C1CCN(C(=O)c2cn(-c3ccccc3)nc2-c2ccccc2)CC1,Z96028872
15,O=C(CN1C(=O)NC2(CCCCC2)C1=O)NNC(=O)c1cn(-c2ccccc2)nc1-c1ccccc1,Z27122616
15,O=C(O)c1c2c(nc3ccccc13)C(=Cc1cn(-c3ccccc3)nc1-c1cccc(Cl)c1)CC2,Z46108427
15,O=C(c1cn(-c2ccccc2)nc1-c1cccnc1)N1CCN(Cc2ccc3c(c2)OCO3)CC1,Z30924022
15,Cc1cccc(-c2nn(-c3ccccc3)cc2C(=O)Oc2ccccc2-c2nc3ccccc3s2)c1,Z26889353
15,O=C(c1cn(-c2ccccc2)nc1-c1ccc(Cl)cc1)N1CCN(c2ccccn2)CC1,Z26736087
15,CC1(C(=O)NCc2cn(-c3ccccc3)nc2-c2ccccc2)Cc2ccccc2C(=O)O1,Z88588043
15,CC(=O)c1ccc(N2CCN(C(=O)c3cn(-c4ccccc4)nc3-c3ccccc3)CC2)c(F)c1,Z131503352
16,O=C(Cn1c2ccccc2c(=O)c2ccccc21)NC(c1ccccc1)c1cc2ccccc2o1,Z229616646
16,O=C(Nc1c(C(=O)Nc2ccccc2)oc2ccccc12)c1cc(=O)c2cc(Cl)ccc2o1,Z1213672399
16,Cc1ccc2oc(C(=O)Nc3c(C(=O)Nc4ccccc4)oc4ccccc34)cc(=O)c2c1,Z1213671597
16,Cc1c(-c2ccccc2)oc2c(C(=O)Nc3ccccc3Cc3ccccc3)cccc2c1=O,Z26762036
16,O=C(Nc1c(C(=O)Nc2ccccc2)oc2ccccc12)c1cc(=O)c2ccccc2o1,Z1213670259
16,Cc1cc(C)c2oc(C(=O)Nc3c(C(=O)Nc4ccccc4)oc4ccccc34)cc(=O)c2c1,Z1213672770
16,N=c1c(C(=O)Nc2ccccc2Cl)cc2c(=O)n3ccccc3nc2n1CCc1ccccc1,Z277516688
16,Cc1cccc(NC(=O)c2cc3c(=O)n4ccccc4nc3n(CCc3ccccc3)c2=N)c1,Z57788365
16,Cc1ccccc1NC(=O)c1cc2c(=O)n3ccccc3nc2n(CCc2ccccc2)c1=N,Z57788366
16,Cc1cc2oc(C(=O)Nc3c(C(=O)Nc4ccccc4)oc4ccccc34)cc(=O)c2cc1C,Z1213671605
16,O=C(Nc1ccc2c(c1)-c1ccccc1C2)c1oc2ccccc2c1CSCc1ccccc1,Z27569501
16,O=C(Nc1ccc(N2CCCC2=O)cc1)c1oc2ccc(F)cc2c1-c1cnn(-c2ccccc2)c1,Z381677000
16,Cc1ccc(NC(=O)c2oc3ccccc3c2NC(=O)c2cc(=O)c3ccccc3o2)cc1,Z1213670328
16,O=c1cc(CSc2nnc3n(Cc4ccccc4)c(=O)c4ccccc4n23)c2ccc(O)cc2o1,Z17500375
16,Cc1ccc2c(=O)cc(C(=O)Nc3c(C(=O)Nc4ccccc4)oc4ccccc34)oc2c1,Z1213674080
16,Cc1ccc2oc(C(=O)Nc3ccccc3C(=O)NCc3ccc4c(c3)OCO4)cc(=O)c2c1,Z88413401
16,N=c1c(C(=O)NCc2ccccc2)cc2c(=O)n3ccccc3nc2n1C1CCCCC1,Z57784542
16,O=C(NC(c1ccccc1)c1cc2ccccc2o1)c1ccc(=O)n(Cc2ccccc2)n1,Z193441282
16,O=C(Nc1ccc2oc3ccccc3c2c1)c1ccc(=O)n(Cc2ccccc2)n1,Z30534850
16,N=c1c(C(=O)NCc2ccc(F)cc2)cc2c(=O)n3ccccc3nc2n1CCc1ccccc1,Z1213742177
16,Cc1ccc(NC(=O)c2oc3ccccc3c2NC(=O)c2cc(=O)c3cc(C)ccc3o2)cc1,Z1213671544
17,O=C(NN=Cc1c(-c2ccccc2)[nH]c2ccccc12)c1nn(Cc2ccccc2)c(=O)c2ccccc12,Z49679108
17,O=C(OC1c2ccccc2-c2ccccc21)c1nn(Cc2ccccc2)c(=O)c2ccccc12,Z15496983
17,O=C(Nc1nc(-c2ccccc2)c(-c2ccccc2)o1)c1nn(-c2ccccc2)c(=O)c2ccccc12,Z56940718
17,O=C(NC(Cc1ccccc1)c1nc2ccccc2[nH]1)c1nn(Cc2ccccc2)c(=O)c2ccccc12,Z29583915
17,O=C(c1nn(Cc2ccccc2)c(=O)c2ccccc12)N1CCN(Cc2ccc3c(c2)CCO3)CC1,Z102666506
17,O=C(Nc1nc(-c2ccc(F)c(F)c2)cs1)c1nn(Cc2ccccc2)c(=O)c2ccccc12,Z28714539
17,O=c1c2ccccc2c(-c2nnc(-c3ccc(-c4ccccc4)cc3)o2)nn1Cc1ccccc1,Z85921022
17,O=C(c1nn(Cc2ccccc2)c(=O)c2ccccc12)N1CCN(Cc2ccc3c(c2)OCO3)CC1,Z30923484
17,O=C(Cc1cccc2ccccc12)NNC(=O)c1nn(Cc2ccccc2)c(=O)c2ccccc12,Z29009100
17,O=C(Nc1ccc(-n2cnc3ccccc32)cc1)c1nn(-c2ccccc2)c(=O)c2ccccc12,Z82203216
17,O=C(OCc1cc(=O)oc2ccc3ccccc3c12)c1nn(-c2ccccc2)c(=O)c2ccccc12,Z14674967
17,CC1(CCc2ccccc2)NC(=O)N(NC(=O)c2nn(-c3ccccc3)c(=O)c3ccccc23)C1=O,Z88570608
17,O=C(Nc1ccc2ccccc2c1)c1nn(Cc2ccccc2)c(=O)c2ccccc12,Z28157735
17,O=C(NN1C(=O)NC2(CCCCC2)C1=O)c1nn(-c2ccccc2)c(=O)c2ccccc12,Z29943734
17,COc1cc2c(cc1NC(=O)c1nn(Cc3ccccc3)c(=O)c3ccccc13)oc1ccccc12,Z30927723
17,O=C(NN=C1C(=O)c2cccc3cccc1c23)c1nn(-c2ccccc2)c(=O)c2ccccc12,Z50089742
17,O=C(NN=C1CCc2ccccc21)c1nn(Cc2ccccc2)c(=O)c2ccccc12,Z49678825
17,O=C(Nc1nc2ccccc2[nH]1)c1nn(Cc2ccccc2)c(=O)c2ccccc12,Z27665969
17,O=C(NNC(=O)c1nn(Cc2ccccc2)c(=O)c2ccccc12)c1cc2ccccc2oc1=O,Z29009335
17,O=C(c1nn(Cc2ccccc2)c(=O)c2ccccc12)N1CCc2ccccc2C1,Z27716931
17,O=C(NC1CCCc2ccccc21)c1nn(Cc2ccccc2)c(=O)c2ccccc12,Z26397463
17,O=C(Nc1nc2ccc(F)cc2s1)c1nn(Cc2ccccc2)c(=O)c2ccccc12,Z27969633
17,Cn1nc(C(=O)NN=Cc2cn(-c3ccccc3)nc2-c2cc3ccccc3o2)c2ccccc2c1=O,Z49924031
17,Cc1ccc2cc(C=NNC(=O)c3nn(Cc4ccccc4)c(=O)c4ccccc34)c(Cl)nc2c1,Z49679096
17,O=C(c1ccncc1)N1CCN(C(=O)c2nn(Cc3ccccc3)c(=O)c3ccccc23)CC1,Z131918724
17,COc1ccc2ccccc2c1C=NNC(=O)c1nn(Cc2ccccc2)c(=O)c2ccccc12,Z49678823
17,O=C(NNC(=O)c1nn(Cc2ccccc2)c(=O)c2ccccc12)c1csc(N2CCOCC2)n1,Z31546432
17,O=C(Nc1ccc2c(c1)CCC2)c1nn(Cc2ccccc2)c(=O)c2ccccc12,Z29352539
17,O=C(NNC(=O)c1nn(Cc2ccccc2)c(=O)c2ccccc12)c1n[nH]c2ccccc12,Z33378120
17,O=C(Nc1nc2c(s1)CCC2)c1nn(Cc2ccccc2)c(=O)c2ccccc12,Z109953964
17,O=C(Nc1nc(-c2ccccc2Cl)cs1)c1nn(Cc2ccccc2)c(=O)c2ccccc12,Z27849986
17,O=C(c1nn(-c2ccccc2)c(=O)c2ccccc12)N1CCCN(Cc2ccc(Cl)cc2)CC1,Z212593638
17,O=C(Nc1nc2c(s1)CCCC2)c1nn(Cc2ccccc2)c(=O)c2ccccc12,Z27875318
17,Cn1nc(CC(=O)NCc2cn(Cc3ccccc3)nc2-c2ccccc2)c2ccccc2c1=O,Z227822742
17,O=C(Nc1nc2ccccc2s1)c1nn(Cc2ccccc2)c(=O)c2ccccc12,Z30199485
17,Cn1nc(C(=O)NNC(=O)c2nn(Cc3ccccc3)c(=O)c3ccccc23)c2ccccc2c1=O,Z29008873
17,Cc1cccc(Oc2ccc(NC(=O)c3nn(-c4ccccc4)c(=O)c4ccccc34)cc2)c1,Z29906038
17,Cc1ccc2nc(NC(=O)c3nn(Cc4ccccc4)c(=O)c4ccccc34)sc2c1,Z26403511
18,O=C(NN1C(=O)NC(c2ccccc2)(c2ccccc2)C1=O)c1ccc(-c2ccccc2F)o1,Z137249014
18,O=C(NN1C(=O)NC(c2ccccc2)(c2ccccc2)C1=O)c1cccc(N2CCCC2=O)c1,Z137248884
18,O=C(CN1C(=O)NC(c2ccccc2)(c2ccccc2)C1=O)NC(c1ccccc1)c1ccccc1,Z14474580
18,O=C(Cc1ccc2c(c1)CCC2)NN1C(=O)NC(c2ccccc2)(c2ccccc2)C1=O,Z137248444
18,Cc1ccc(C(NC(=O)CN2C(=O)NC(c3ccccc3)(c3ccccc3)C2=O)C2CC2)cc1,Z260200116
18,O=C1NC(c2ccccc2)(c2ccccc2)C(=O)N1CC(=O)N1N=C(c2ccco2)CC1c1ccco1,Z50923342
18,Cc1ccc(C2(c3ccccc3)NC(=O)N(CC(=O)Nc3ccccc3-c3ccccc3)C2=O)cc1C,Z88134504
18,O=C(Cc1ccc2c(c1)CCCC2)NN1C(=O)NC(c2ccccc2)(c2ccccc2)C1=O,Z137247538
18,O=C(Nc1ccc(F)cc1)C(c1ccccc1)N1C(=O)NC(c2ccccc2)(c2ccccc2)C1=O,Z14471296
18,O=C(NN1C(=O)NC(c2ccccc2)(c2ccccc2)C1=O)c1ccc(=O)n(Cc2ccccc2)n1,Z146968212
18,O=C(CN1C(=O)NC(c2ccccc2)(c2ccccc2)C1=O)NC(c1ccccc1)c1cccs1,Z96609046
18,O=C1NC(c2ccccc2)(c2ccccc2)C(=O)N1CC(=O)N(Cc1ccc(F)cc1)C1CCCCC1,Z96608942
18,O=C(CN1CCc2ccccc2C1)NN1C(=O)NC(c2ccccc2)(c2ccccc2)C1=O,Z104536186
18,CC(NC(=O)CN1C(=O)NC(c2ccccc2)(c2ccccc2)C1=O)c1ccc(Cl)cc1,Z14475560
18,O=C(CCc1c[nH]c2ccccc12)NN1C(=O)NC(c2ccccc2)(c2ccccc2)C1=O,Z137247298
18,O=C(NN1C(=O)NC(c2ccccc2)(c2ccccc2)C1=O)c1csc(-c2ccccc2)n1,Z146971812
18,Cc1nc(C(=O)NN2C(=O)NC(c3ccccc3)(c3ccccc3)C2=O)nn1-c1ccc(F)cc1,Z146971332
18,O=C(Cc1noc2ccccc12)NN1C(=O)NC(c2ccccc2)(c2ccccc2)C1=O,Z146971020
18,O=C(CN1C(=O)NC(c2ccccc2)(c2ccccc2)C1=O)NCc1ccc2c(c1)OCO2,Z14474626
18,O=C1CN(C(=O)CN2C(=O)NC(Cc3ccccc3)(c3ccccc3)C2=O)c2ccccc2N1,Z16325461
18,Cc1ccccc1Nc1nc(N)nc(CN2C(=O)NC(Cc3ccccc3)(c3ccccc3)C2=O)n1,Z16325889
18,O=C(CN1C(=O)NC(c2ccccc2)(c2ccccc2)C1=O)Nc1ccccc1C(=O)NC1CCCC1,Z54675683
18,Cc1ccc(CNC(=O)CN2C(=O)NC(c3ccccc3)(c3ccccc3)C2=O)cc1,Z14472069
18,O=C(CN1C(=O)NC(c2ccccc2)(c2ccccc2)C1=O)Nc1ccccc1Sc1ccccc1,Z14474870
18,O=C(CSc1ccc2ccccc2n1)NN1C(=O)NC(c2ccccc2)(c2ccccc2)C1=O,Z96125154
19,Clc1ccc2nc(N3N=C(c4ccccc4)CC3c3cccc(Br)c3)nc(-c3ccccc3)c2c1,Z1558470019
19,Fc1cccc(Cl)c1C1CC(c2cccs2)=NN1c1nc(-c2ccc(Cl)cc2)c2ccccc2n1,Z1698565991
19,Clc1ccc2nc(N3N=C(c4ccccc4)CC3c3cccs3)nc(-c3ccccc3)c2c1,Z114956300
19,Clc1ccc(-c2nc(N3N=C(c4cccc(Cl)c4)CC3c3cccs3)nc3ccccc23)cc1,Z1891749068
19,Cc1ccc(-c2nc(N3N=C(c4cccc(Br)c4)CC3c3cccc(Br)c3)nc3ccccc23)cc1,Z1558581154
19,Clc1ccc2nc(N3N=C(c4cccs4)CC3c3cccc(Br)c3)nc(-c3ccccc3)c2c1,Z1558581146
19,Clc1ccc2c(-c3ccccc3)nc(N3N=C(c4ccco4)CC3c3cccc(Cl)c3Cl)nc2c1,Z2195993269
19,Fc1ccc(C2CC(c3cccs3)=NN2c2nc(-c3ccccc3)c3cc(Cl)ccc3n2)cc1,Z56811116
19,Oc1ccccc1C1CC(c2cccs2)=NN1c1nc(-c2ccccc2)c2cc(Cl)ccc2n1,Z274504274
19,Clc1ccc2c(-c3ccccc3)nc(N3N=C(c4ccco4)CC3c3cccs3)nc2c1,Z2168314581
19,Cc1cccc(C2CC(c3ccc(N(C)C)cc3)=NN2c2nc(-c3ccc(Cl)cc3)c3ccccc3n2)c1,Z1898794184
19,Clc1ccc2c(-c3ccccc3)nc(N3N=C(c4cccs4)CC3c3cccs3)nc2c1,Z2168314562
19,COc1cccc(C2=NN(c3nc(-c4ccccc4)c4cc(Cl)ccc4n3)C(c3ccccc3C)C2)c1,Z1558470051
19,CCOc1ccc(C2CC(c3cccs3)=NN2c2nc(-c3ccccc3)c3cc(Cl)ccc3n2)cc1,Z1558581159
19,Clc1ccc2nc(N3N=C(c4ccco4)CC3c3ccc(Br)cc3)nc(-c3ccccc3)c2c1,Z57245607
19,Clc1ccc2nc(N3N=C(c4ccco4)CC3c3ccccc3)nc(-c3ccccc3)c2c1,Z1558581145
